<?xml version="1.0" encoding="utf-8"?>
<TEI xml:id="154_final-HELLING_Patrick_Geisteswissenschaftliches_Forschungsdatenman" xmlns="http://www.tei-c.org/ns/1.0">
<teiHeader>
<fileDesc>
<titleStmt>
<title>Geisteswissenschaftliches Forschungsdatenmanage- ment in der Lehre – Konzepte, Methoden, Erfahrungen</title>
<author>
<persName>
<surname>Blumtritt</surname>
<forename>Jonathan</forename>
</persName>
<affiliation>Universität zu Köln, Cologne Center for eHumanities (CCeH); Universität zu Köln, Data Center for the Humanities (DCH)</affiliation>
<email>jonathan.blumtritt@uni-koeln.de</email>
</author>
<author>
<persName>
<surname>Helling</surname>
<forename>Patrick</forename>
</persName>
<affiliation>Universität zu Köln, Data Center for the Humanities (DCH); Universität zu Köln, Institut für Digital Humanities (IDH)</affiliation>
<email>patrick.helling@uni-koeln.de</email>
</author>
<author>
<persName>
<surname>Mathiak</surname>
<forename>Brigitte</forename>
</persName>
<affiliation>Universität zu Köln, Data Center for the Humanities (DCH); Universität zu Köln, Institut für Digital Humanities (IDH)</affiliation>
<email>bmathiak@uni-koeln.de</email>
</author>
<author>
<persName>
<surname>Neuefeind</surname>
<forename>Claes</forename>
</persName>
<affiliation>Universität zu Köln, Cologne Center for eHumanities (CCeH); Universität zu Köln, Data Center for the Humanities (DCH)</affiliation>
<email>c.neuefeind@uni-koeln.de</email>
</author>
<author>
<persName>
<surname>Rau</surname>
<forename>Felix</forename>
</persName>
<affiliation>Universität zu Köln, Data Center for the Humanities (DCH); Universität zu Köln, Institut für Linguistik (IfL)</affiliation>
<email>f.rau@uni-koeln.de</email>
</author>
<author>
<persName>
<surname>Schildkamp</surname>
<forename>Philip</forename>
</persName>
<affiliation>Universität zu Köln, Data Center for the Humanities (DCH)</affiliation>
<email>philip.schildkamp@uni-koeln.de</email>
</author>
<author>
<persName>
<surname>Wieners</surname>
<forename>Jan Gerrit</forename>
</persName>
<affiliation>Universität zu Köln, Institut für Digital Humanities (IDH)</affiliation>
<email>jan.wieners@uni-koeln.de</email>
</author>
</titleStmt>
<editionStmt>
<edition>
<date>2019-09-26T06:25:00Z</date>
</edition>
</editionStmt>
<publicationStmt>
<publisher>Universität Paderborn</publisher>
<address>
<addrLine>Warburger Str. 100</addrLine>
<addrLine>33098 Paderborn</addrLine>
<addrLine>Deutschland</addrLine>
</address>
</publicationStmt>
<sourceDesc>
<p>Converted from a Word document</p>
</sourceDesc>
</fileDesc>
<encodingDesc>
<appInfo>
<application ident="DHCONVALIDATOR" version="1.22">
<label>DHConvalidator</label>
</application>
</appInfo>
</encodingDesc>
<profileDesc>
<textClass>
<keywords n="category" scheme="ConfTool">
<term>Paper</term>
</keywords>
<keywords n="subcategory" scheme="ConfTool">
<term>Posterpräsentation</term>
</keywords>
<keywords n="keywords" scheme="ConfTool">
<term>Forschungsdaten</term>
<term>Forschungsdatenmanagement</term>
<term>FDM</term>
<term>Lehre</term>
<term>Software</term>
<term>Softwarekuration</term>
</keywords>
<keywords n="topics" scheme="ConfTool">
<term>Community-Bildung</term>
<term>Einführung</term>
<term>Lehre</term>
<term>Curricula</term>
<term>Daten</term>
</keywords>
</textClass>
</profileDesc>
</teiHeader>
<text>
<body>
<div rend="DH-Heading1" type="div1">
<head>Abstract</head>
<p style="text-align:left; ">Mit diesem Beitrag möchten wir unsere Erfahrungen in der Vermittlung von Strategien und Ansätzen im Bereich des Forschungsdatenmanagements (FDM), die wir unter Einbeziehung unterschiedlicher Zielgruppen in der Lehre an der Universität zu Köln (UzK) gesammelt haben, vorstellen und mit der DH-Community diskutieren. Wir möchten dabei insbesondere die Frage aufwerfen, ob das Thema FDM als obligatorischer Lehrinhalt verstetigt werden sollte und wenn ja, inwieweit sich das Thema dauerhaft in die Lehre einbringen lässt, damit frühzeitig Sensibilität für Herausforderungen in der Erfassung, Bereitstellung und langfristigen Archivierung von Forschungsdaten aufgebaut werden kann.</p>
</div>
<div rend="DH-Heading1" type="div1">
<head>Entwicklung des institutionellen Rahmens</head>
<p style="text-align:left; ">Die Beschäftigung mit den Themen FDM und Langzeitarchivierung ist am 
                    <hi rend="italic">Cologne Center for eHumanities</hi> (CCeH), dem Kölner 
                    <hi rend="italic">Data Center for the Humanities</hi> (DCH) sowie dem 
                    <hi rend="italic">Institut für Digital Humanities</hi> (IDH) (2017 hervorgegangen aus dem Institut für Historisch-Kulturwissenschaftliche Informationsverarbeitung und der Abteilung Sprachliche Informationsverarbeitung des Instituts für Linguistik) intensiv mit Forschung, Lehre und Projektpraxis verknüpft.<ref n="1" target="ftn1"/> So flossen bereits früh Erfahrungen aus Projekten wie dem bis 2010 von der europäischen Union geförderten Projekt              <hi rend="italic">PLANETS</hi> oder dem 
                    <hi rend="italic">Digitalen Archiv NRW</hi> in Bachelor- und Masterveranstaltungen ein.<ref n="2" target="ftn2"/>
</p>
<p style="text-align:left; ">Ausgehend von der Annahme, dass es längerfristig zu einer Verbesserung der nachhaltigen Sicherung von wissenschaftlichen Inhalten führt, wenn Forschende bereits zu Beginn ihrer Ausbildung mit dem Problembereich und den verfügbaren Lösungsansätzen vertraut gemacht werden, haben wir am DCH mehrere Lehrveranstaltungen zum Themenbereich FDM konzipiert und im Rahmen der Studiengänge “Informationsverarbeitung” und “Medieninformatik” durchgeführt. </p>
<p style="text-align:left; ">Die Lehrveranstaltungen thematisieren sowohl das Management von Forschungsprimärdaten, wie auch die Nachnutzbarkeit von erzeugten digitalen Artefakten (z.B. Präsentationssysteme, Dateneingabemasken und weitere). Zielgruppe der Lehrveranstaltungen sind vor allem Studierende der (digitalen) Geisteswissenschaften. Darüber hinaus veranstalten wir regelmäßig einen Workshop zum Thema Forschungsdatenmanagement für Promovierende an der a.r.t.e.s. Graduiertenschule der Philosophischen Fakultät, in dem insbesondere praktische FDM-Aspekte während der Promotion im Fokus stehen.<ref n="3" target="ftn3"/>
</p>
<p style="text-align:left; ">Ziel ist es unter anderem direkte Rückmeldung von den Studierenden/Promovierenden als – wenn auch punktuelle – praktische Anwender von FDM-Angeboten zu erhalten. Der Fokus liegt hierbei besonders auf der Nutzererfahrung. So wird in den Kursen unter anderem diskutiert, wie aufwendig FDM in der Forschungsarbeit ist, und ob es in manchen Fällen als hinderlich oder gar belastend empfunden wird. Im Zuge der Veranstaltungen wird auch der Bekanntheitsgrad typischer FDM-Werkzeuge evaluiert. Diese direkte Rückmeldung aus der Erfahrungswelt angehender Wissenschaftler*innen fließt unmittelbar in die Beratungs- und Schulungskonzepte des DCH ein.</p>
<p style="text-align:left; ">Im Folgenden beschreiben wir zunächst die Lehrinhalte des Workshops und der beiden Übungen, bevor wir abschließend ein kurzes Fazit ziehen, das als Grundlage für eine Diskussion mit der Community dienen soll. </p>
</div>
<div rend="DH-Heading1" type="div1">
  <head>Workshop „Forschungsdatenmanagement“ an der a.r.t.e.s. Graduiertenschule der Philosophischen Fakultät</head>
  <p style="text-align:left; ">Um Promovierende frühzeitig mit dem Thema Forschungsdatenmanagement vertraut zu machen, veranstalten wir seit dem Sommersemester 2018 einmal im Jahr einen zweitägigen Workshop an der a.r.t.e.s. Graduiertenschule der Philosophischen Fakultät der UzK. Der Workshop findet aufgeteilt in vier Sessions à vier Stunden/Woche statt, ist auf maximal 15 Promovierende ausgelegt und gehört zum Wahlpflichtbereich.</p>
  <p style="text-align:left; ">Im ersten Workshop im Sommersemester 2018 lag der Fokus auf der theoretischen Betrachtung von Forschungsdatenmanagement innerhalb der Geisteswissenschaften. Als Struktur dienten hierzu die acht Säulen des Forschungsdatenmanagements der AG Datenzentren des Verbandes “Digital Humanities im deutschsprachigen Raum” (DHd) [Helling, Moeller und Mathiak 2018].<ref n="4" target="ftn4"/>
  </p>
  <p style="text-align:left; ">In der Evaluation des Workshops wurde deutlich, dass sich die Informations- und Servicebedarfe der Promovierenden deutlich von denen von BA-/MA-Studierenden oder Forschenden im universitären Regelbetrieb unterscheiden: Neben Informationen über Servicestrukturen an der UzK wurden auch insbesondere praktische Lösungen für FDM in Bezug auf das eigene Promotionsprojekt nachgefragt.</p>
  <p style="text-align:left; ">Entsprechend wurde für den zweiten Workshop im Sommersemester 2019 gemeinsam mit Vertreter*innen des Regionalen Rechenzentrums Köln (RRZK) ein Diensteportfolio für Software- und Hardwareservices an der UzK zusammengestellt, das in einer der Sessions vorgestellt und diskutiert wurde.<ref n="5" target="ftn5"/> Der gesamte Workshop wurde deutlich praxisorientierter geplant und durchgeführt: Nach einem verkürzten Theorie- und Einführungsblock wird in einer praktischen Übung der Forschungsdatenlebenszyklus aus einer datengebenden und datennehmenden Perspektive nachvollzogen. Mit einer Rechercheübung wird anhand eines Fragenkatalogs das passende Repositorium für den eigenen Fachbereich gesucht, eigene Forschungsdaten werden mit Metadaten beschrieben und in einer Diskussionsrunde werden die Themen Urheberrecht und Persönlichkeitsrecht und deren Auswirkungen auf das Forschungsdesign behandelt. Als Kursabschluss formulieren die Teilnehmenden einen Datenmanagementplan für ihr Promotionsprojekt nach dem Datenmanagementplan-Template der UzK.<ref n="6" target="ftn6"/>
  </p>
</div>
<div rend="DH-Heading1" type="div1">
  <head>FDM-Übung für Masterstudierende an der Philosophischen Fakultät</head>
  <p style="text-align:left; ">Für Studierende im Masterstudiengang “Informationsverarbeitung” bieten wir ebenfalls Veranstaltungen an. Die im Sommersemester 2017 von Simone Kronenwett und Jan G. Wieners durchgeführte Veranstaltung “Forschungsdatenmanagement und Langzeitarchivierung” intendierte, Teilnehmende an verschiedenste Aspekte des FDM und der Langzeitarchivierung heranzuführen und animierte dazu, eigene Forschungsfragen zu entwickeln.<ref n="7" target="ftn7"/> So gossen Gastvorträge von domänenrelevanten Fachwissenschaftler*innen aus Einrichtungen wie dem Forschungsdatenzentrum Archäologie &amp; Altertumswissenschaften IANUS oder dem Rheinisch-Westfälischen Wirtschaftsarchiv das Fundament für Ausarbeitungen der Studierenden, die sich beispielsweise mit Fragen nach guten Speicherformaten für Rastergraphiken oder die Sicherheit physischer Speichermedien im Hinblick auf Langzeitverfügbarkeit beschäftigten.<ref n="8" target="ftn8"/>
  </p>
  <p style="text-align:left; ">Auch die Übung “Forschungsdatenmanagement”, die wir seit 2019 anbieten, richtet sich an Studierende in den Masterstudiengängen “Informationsverarbeitung” und “Medieninformatik”, hat dabei aber einen stärkeren praktischen Fokus.<ref n="9" target="ftn9"/> Anders als bei Kursen, die zukünftige Wissenschaftler*innen ausschließlich als potentielle Datenproduzent*innen adressieren, legen wir den Fokus nicht nur auf FDM-Grundlagen, Awareness und Fortbildung, sondern beschäftigen uns aktiv mit den Problemen aus der Sicht von Forschungsdatenmanager*innen und -kurator*innen. Es wird das Datenmanagement und die -kuration als mögliches Berufsfeld vorgestellt.
  </p>
  <p style="text-align:left; ">Bei der inhaltlichen Gestaltung haben wir uns an Kursen orientiert, die bereits andernorts erfolgreich durchgeführt wurden. Insbesondere der Kurs von Iris Vogel von der Universität Hamburg hat uns in vielen Punkten inspiriert, wie auch schon die bereits erwähnte Veranstaltung von 2017.<ref n="10" target="ftn10"/> Ähnlich wie bei der Veranstaltung für Doktorand*innen setzen wir auf eine Mischung von Theorie und Praxis. Etwa die Hälfte der Sitzungen schließt mit einer praktischen Hausaufgabe, für die andere Hälfte soll Literatur vorbereitet werden, die in einem Quizformat diskutiert wird. 
  </p>
  <p style="text-align:left; ">Während das Format bei den Studierenden grundsätzlich gut ankam, waren die Themen zum Teil doch sehr weit von ihrem Arbeitsalltag entfernt. Dazu kam, dass die Gruppe sehr heterogen war. Während die linguistisch orientierten Studierenden bereits Forschungsdaten für ihre Projekte genutzt hatten und gerne über die Details sprechen wollten, waren die eher medien- oder literaturwissenschaftlich ausgerichteten Studierenden zum Teil noch gar nicht mit dem Thema Forschungsdaten in Berührung gekommen und dementsprechend skeptisch. In der Zukunft planen wir dies zu adressieren, indem wir beide Gruppen noch stärker fachspezifisch abholen und beispielsweise digitale Editionen und die dazugehörige Datenmodellierung stärker in den Fokus nehmen. </p>
</div>
<div rend="DH-Heading1" type="div1">
  <head>Seminar „Virtualisierungstechnologien für Forschungssoftware“</head>
  <p style="text-align:left; ">In einem weiteren Seminar, das wir seit dem Wintersemester 2018/2019 anbieten, fokussieren wir das spezifische Problem der nachhaltigen Sicherung von Forschungssoftware. Im Gegensatz zu datenbezogenem FDM ist die Frage nach dem Umgang mit Forschungssoftware bislang noch weitgehend unbeantwortet und stellt deshalb eine besondere Herausforderung im Hinblick auf die langfristige Sicherung von Forschungsergebnissen dar. Kontext der Seminare ist das von der DFG geförderte Projekt “SustainLife”, welches die Erprobung eines Konzepts zur nachhaltigen Sicherung lebender Systeme auf Basis des OASIS-Standards TOSCA (
  <hi rend="italic">Topology and Orchestration Specification for Cloud Applications</hi>) [OASIS 2013, 2016] zum Gegenstand hat [Barzen et. al 2018, Neuefeind et al. 2018, 2019].<ref n="11" target="ftn11"/> Die im Projekt erarbeiteten Methoden und Erfahrungen sollen dazu beitragen zukunftssichere Standards und Nachhaltigkeitsstrategien für den Umgang mit Forschungssoftware zu etablieren. Dies soll unter anderem durch die Modellierung von Applikationstopologien mittels der Open-Source Implementierung OpenTOSCA erreicht werden, die durch den Projektpartner IAAS Stuttgart bereitgestellt wird.<ref n="12" target="ftn12"/>
  </p>
  <p style="text-align:left; ">Im Rahmen des Seminars werden zum einen verschiedene Nachhaltigkeitsstrategien beleuchtet, zum anderen wollen wir den im Projekt entwickelten Lösungsansatz auf Grundlage des TOSCA-Standards von Studierenden erproben lassen. Im Mittelpunkt steht dabei die Frage, ob die TOSCA-konforme Modellierung heterogener Softwarelösungen in einer Weise vermittelt werden kann, dass Studierende der (digitalen) Geisteswissenschaften in der Lage sind, eigene Use Cases mit akzeptablem Aufwand zu bearbeiten.</p>
  <p style="text-align:left; ">Die Übungen wurden trotz der stark spezialisierten Ausrichtung sehr gut angenommen. In der ersten Übung zeigte sich dabei eine sehr deutliche Lücke zwischen geisteswissenschaftlich-konzeptueller und informationstechnologischer Kompetenz. Während das grundlegende Konzept einer TOSCA-konformen Modellierung und dessen Mehrwert von den Studierenden schnell erfasst und gut nachvollzogen wurde, stellte sich die praktische Umsetzung als deutlich größere Herausforderung heraus. Dies konnte durch Gruppenarbeiten zwar zu Teilen aufgefangen werden, dennoch wurde deutlich, dass die konkrete Umsetzung von Anwendungsmodellen ein erhebliches softwaretechnologisches Vorwissen voraussetzt. In der Folge adressierten wir dies dadurch, dass wir die reine Modellierung von der technischen Umsetzung stärker trennen, so dass die Gruppen sich nach technischen Kompetenzen aufteilen können. </p>
</div>
<div rend="DH-Heading1" type="div1">
  <head>Fazit und Ausblick</head>
  <p style="text-align:left; ">Die hier vorgestellten Lehrveranstaltungen fokussieren auf unterschiedliche Weise verschiedene Aspekte des Forschungsdatenmanagements und sprechen unterschiedliche Zielgruppen an. Über die genannten Veranstaltungen hinaus wird das Thema FDM an der UzK auch in weiteren Veranstaltungen thematisiert, wenn auch nicht so ausschließlich. Insgesamt haben wir gute Erfahrungen mit den Veranstaltungen gemacht. Das Feedback zeigt, dass eine starke Verankerung in der Praxis bei den Studierenden gut ankommt. </p>
  <p style="text-align:left; ">In unserem Poster werden wir den Aufbau der Kurse genauer beleuchten und den Benefit für die Studierenden diskutieren. Wir laden dazu ein, Erfahrungen auszutauschen, um zu eruieren welche Kompetenzen bereits im Studium zu Forschungsdatenmanagement erworben werden sollten und welche Aspekte für besonders dringlich gehalten werden. </p>
</div>
</body>
<back>
  <div type="notes">
    <note n="1" rend="footnote text" xml:id="ftn1">
      Cologne Center for eHumanities (CCeH) an der Universität zu Köln,
      Online: <ref target="https://cceh.uni-koeln.de/">https://cceh.uni-koeln.de/</ref>
      (letzter Zugriff: 12.09.2019); Data Center for the Humanities (DCH) an der Universität zu Köln,
      Online: <ref target="https://dch.phil-fak.uni-koeln.de/">https://dch.phil-fak.uni-koeln.de/</ref>
      (letzter Zugriff: 12.09.2019); Institut für Digital Humanities (IDH) an der Universität zu Köln,
      Online: <ref target="https://dh.uni-koeln.de/">https://dh.uni-koeln.de/</ref>
      (letzter Zugriff: 12.09.2019).
    </note>
    <note n="2" rend="footnote text" xml:id="ftn2">
      Preservation and Long-term Access through Networked Services, Online: 
      <ref target="HYPERLINK">https://www.planets-project.eu/</ref>
      (letzter Zugriff: 12.09.2019); Digitales Archiv NRW, Online: 
      <ref target="HYPERLINK">https://www.danrw.de/</ref> (letzter Zugriff: 12.09.2019).
    </note>
    <note n="3" rend="footnote text" xml:id="ftn3">
      a.r.t.e.s. Graduate School der Philosophischen Fakultät der Universität zu Köln, Online: 
      <ref target="http://artes.phil-fak.uni-koeln.de/">http://artes.phil-fak.uni-koeln.de/</ref>
      (letzer Zugriff: 12.09.2019); Workshop Forschungsdatenmanagement a.r.t.e.s., Online: 
      <ref target="https://artes.phil-fak.uni-koeln.de/40285.html">https://artes.phil-fak.uni-koeln.de/40285.html</ref>
      (letzter Zugriff: 12.09.2019). 
    </note>
    <note n="4" rend="footnote text" xml:id="ftn4">
      Digital Humanities im deutschsprachigen Raum (DHd), Online: 
      <ref target="https://dig-hum.de/">https://dig-hum.de/</ref>
      (letzter Zugriff: 12.09.2019); AG Datenzentren im DHd-Verband, Online: 
      <ref target="https://dhd-ag-datenzentren.github.io/">https://dhd-ag-datenzentren.github.io/</ref>
      (letzter Zugriff: 12.09.2019).
    </note>
    <note n="5" rend="footnote text" xml:id="ftn5">
      Regionales Rechenzentrum (RRZK) der Universität zu Köln, Online: 
      <ref target="https://rrzk.uni-koeln.de/">https://rrzk.uni-koeln.de/</ref>
      (letzter Zugriff: 12.09.2019); Diensteportfolio des RRZK, Online: 
      <ref target="https://rrzk.uni-koeln.de/datenmanagement.html">https://rrzk.uni-koeln.de/datenmanagement.html</ref>
      (letzter Zugriff: 12.09.2019).
    </note>
    <note n="6" rend="footnote text" xml:id="ftn6">
      Datenmanagementplan-Template der Universität zu Köln, Online: 
      <ref target="https://fdm.uni-koeln.de/27602.html">https://fdm.uni-koeln.de/27602.html</ref>
      (letzter Zugriff: 12.09.2019).
    </note>
    <note n="7" rend="footnote text" xml:id="ftn7">
      Forschungsdatenmanagement und Langzeitarchivierung - Übung Sommersemester 2017, Online: 
      <ref target="http://lehre.idh.uni-koeln.de/lehrveranstaltungen/sosem17/forschungsdatenmanagement-und-langzeitarchivierung/">http://lehre.idh.uni-koeln.de/lehrveranstaltungen/sosem17/forschungsdatenmanagement-und-langzeitarchivierung/</ref>
      (letzter Zugriff: 12.09.2019).
    </note>
    <note n="8" rend="footnote text" xml:id="ftn8">
      Forschungsdatenzentrum Archäologie &amp; Altertumswissenschaften IANUS, Online: 
      <ref target="https://www.ianus-fdz.de/">https://www.ianus-fdz.de/</ref>
      (letzter Zugriff: 12.09.2019); Rheinisch-Westfälische Wirtschaftsarchiv, Online: 
      <ref target="https://www.rwwa.de/">https://www.rwwa.de/</ref>
      (letzter Zugriff: 12.09.2019).
    </note>
    <note n="9" rend="footnote text" xml:id="ftn9">
      Forschungsdatenmanagement - Übung Sommersemester 2019, Online: 
      <ref target="http://lehre.idh.uni-koeln.de/lehrveranstaltungen/sosem19/forschungsdatenmanagement/">http://lehre.idh.uni-koeln.de/lehrveranstaltungen/sosem19/forschungsdatenmanagement/</ref>
      (letzter Zugriff: 12.09.2019).
    </note>
    <note n="10" rend="footnote text" xml:id="ftn10">
	Stefan Thiemann, Iris Vogel und Juliane Jacob: Materialien zum Kurs “Forschungsdatenmanagement” an der Universität Hamburg, Online: 
	<ref target="https://www.hoou.de/materials/forschungsdatenmanagement">https://www.hoou.de/materials/forschungsdatenmanagement</ref>
	(letzter Zugriff: 12.09.2019).
    </note>
    <note n="11" rend="footnote text" xml:id="ftn11">
      SustainLife - Erhalt lebender, digitaler Systeme für die Geisteswissenschaften; Projektnummer 379522012. Online: 
      <ref target="https://gepris.dfg.de/gepris/projekt/379522012">https://gepris.dfg.de/gepris/projekt/379522012</ref>
      (letzter Zugriff: 12.09.2019).
    </note>
    <note n="12" rend="footnote text" xml:id="ftn12">
      Institut für Architektur von Anwendungssystemen, Universität Stuttgart; Online: 
      <ref target="https://www.iaas.uni-stuttgart.de/">https://www.iaas.uni-stuttgart.de</ref>
      (letzter Zugriff: 12.09.2019).
    </note>
  </div>
  <div type="bibliogr">
    <listBibl>
      <head>Bibliographie</head>
      <bibl>
	<hi rend="bold"> Barzen, Johanna / Blumtritt, Jonathan / Breitenbücher, Uwe / Kronenwett, Simone / Leymann, Frank / Mathiak, Brigitte / Neuefeind, Claes </hi> (2018): "SustainLife – Erhalt lebender, digitaler Systeme für die Geisteswissenschaften." in: Book of Abstracts der 5. Jahrestagung der Digital Humanities im deutschsprachigen Raum (DHd 2018), Köln 26.02-02.03.2018, S. 471-474, DOI: 
        https://doi.org/<ref target="https://doi.org/10.18716/KUPS.8085">10.18716/KUPS.8085</ref>.
      </bibl>
      <bibl>
	<hi rend="bold"> Helling, Patrick / Moeller, Katrin / Mathiak, Brigitte </hi> (2018): “Forschungsdatenmanagement in den Geisteswissenschaften - der Dienstekatalog der AG Datenzentren des Verbands ‘Digital Humanities im deutschsprachigen Raum’ (DHd)” in: ABI Technik, Band 38, Heft 3, Seiten 251–261, ISSN (Online) 2191-4664, ISSN (Print) 0720-6763, DOI: 
        <ref target="https://doi.org/10.1515/abitech-2018-3006">https://doi.org/10.1515/abitech-2018-3006</ref>. 
      </bibl>
      <bibl>
	<hi rend="bold">Neuefeind, Claes / Schildkamp, Philip / Mathiak, Brigitte / Marčić, Alexander / Hentschel, Frank / Harzenetter, Lukas / Breitenbücher, Uwe / Barzen, Johanna / Leymann, Frank </hi> (2019): "Sustaining the Musical Competitions Database: a TOSCA-based Approach to Application Preservation in the Digital Humanities". To Appear in: Book of Abstracts of the Digital Humanities Conference 2019 (DH2019). Utrecht, Netherlands. 09.07-12-07.2019. Web: 
        <ref target="https://dev.clariah.nl/files/dh2019/boa/0574.html">https://dev.clariah.nl/files/dh2019/boa/0574.html</ref> [letzter Zugriff 5.9.2019]
      </bibl>
      <bibl>
      <hi rend="bold"> Neuefeind, Claes / Harzenetter, Lukas / Schildkamp, Philip / Breitenbücher, Uwe / Mathiak, Brigitte / Barzen, Johanna / Leymann, Frank </hi> (2018): "The SustainLife Project – Living Systems in Digital Humanities" in: Proceedings of the 12th Advanced Summer School on Service-Oriented Computing, 2018 (IBM Research Report RC25681), S.101-112.</bibl>
      <bibl>
	<hi rend="bold"> OASIS </hi> (2013): „Topology and Orchestration Specification for Cloud Applications Version 1.0“. 25 November 2013. OASIS Standard. 
        <ref target="http://docs.oasis-open.org/tosca/TOSCA/v1.0/os/TOSCA-v1.0-os.html">http://docs.oasis-open.org/tosca/TOSCA/v1.0/os/TOSCA-v1.0-os.html</ref>. [letzter Zugriff 5.9.2019]
      </bibl>
      <bibl>
	<hi rend="bold"> OASIS </hi> (2016): „TOSCA Simple Profile in YAML, Version 1.0“. Edited by Derek Palma, Matt Rutkowski, and Thomas Spatzier. 21 December 2016. OASIS Standard. 
        <ref target="http://docs.oasis-open.org/tosca/TOSCA-Simple-Profile-YAML/v1.0/os/TOSCA-Simple-Profile-YAML-v1.0-os.html">http://docs.oasis-open.org/tosca/TOSCA-Simple-Profile-YAML/v1.0/os/TOSCA-Simple-Profile-YAML-v1.0-os.html</ref>. [letzter Zugriff 5.9.2019]
      </bibl>
    </listBibl>
  </div>
</back>
</text>
</TEI>
