,title,title from pdf,title from xml,pdf file,xml file
0,Die Rolle des Zeigens,"Die Rolle des Zeigens,kepper@edirom.deMusikwissenschaftliches Seminar Detmold / Paderborn,Deutschlan",Die Rolle des Zeigens,conferences\DHd2016\pdf_einzeln\panels-001.pdf,conferences\DHd2016\xml\panels-001.xml
1,Der Modelle Tugend 2.0 – Vom digitalen 3D-Datensatz zum wissenschaftlichen Informationsmodell,"Der Modelle Tugend 2.0 –Vom digitalen 3D-Datensatzzum wissenschaftlichenInformationsmodell,email@ste",Der Modelle Tugend 2.0 – Vom digitalen 3D-Datensatz zum wissenschaftlichen Informationsmodell,conferences\DHd2016\pdf_einzeln\panels-002.pdf,conferences\DHd2016\xml\panels-002.xml
2,"Vernetzung ist wichtig, Vernetzung ist gut - Aber wie vernetzt man richtig?","Vernetzung ist wichtig,Vernetzung ist gut - Aberwie vernetzt man richtig?,ppfeil@uni-leipzig.deUnive","Vernetzung ist wichtig, Vernetzung ist gut - Aber wie vernetzt man richtig?",conferences\DHd2016\pdf_einzeln\panels-003.pdf,conferences\DHd2016\xml\panels-003.xml
3,Datenzentren für die nachhaltige Forschung in den Digital Humanities,"Datenzentren für dienachhaltige Forschung inden Digital Humanities,sahle@uni-koeln.deData Center for",Datenzentren für die nachhaltige Forschung in den Digital Humanities,conferences\DHd2016\pdf_einzeln\panels-004.pdf,conferences\DHd2016\xml\panels-004.xml
4,Fachwissenschaftliche Nutzungsszenarien der CLARIN-D Infrastruktur,"FachwissenschaftlicheNutzungsszenarien derCLARIN-D Infrastruktur,gregor.wiedemann@uni-leipzig.deUniv",Fachwissenschaftliche Nutzungsszenarien der CLARIN-D Infrastruktur,conferences\DHd2016\pdf_einzeln\panels-005.pdf,conferences\DHd2016\xml\panels-005.xml
5,Nachhaltigkeit technischer Lösungen für digitale Editionen. Eine kritische Evaluation bestehender Frameworks und Workflows von und für Praktiker_innen,Nachhaltigkeit technischerLösungen für digitaleEditionen. Eine kritischeEvaluation bestehenderFramew,Nachhaltigkeit technischer Lösungen für digitale Editionen. Eine kritische Evaluation bestehender Frameworks und Workflows von und für Praktiker_innen,conferences\DHd2016\pdf_einzeln\panels-006.pdf,conferences\DHd2016\xml\panels-006.xml
6,Die Rolle von Mensch und Computer in den Digital Humanities,"Die Rolle von Mensch undComputer in den DigitalHumanities,Daniel.Keim@uni-konstanz.deUniversität Kon",Die Rolle von Mensch und Computer in den Digital Humanities,conferences\DHd2016\pdf_einzeln\plenarvortraege-001.pdf,conferences\DHd2016\xml\plenarvortraege-001.xml
7,Von den 'digital humanities' zu einer humanen Digitalisierung,"Von den 'digital humanities'zu einer humanenDigitalisierung,zweig@cs.uni-kl.deTU Kaiserslautern, Deu",Von den 'digital humanities' zu einer humanen Digitalisierung,conferences\DHd2016\pdf_einzeln\plenarvortraege-002.pdf,conferences\DHd2016\xml\plenarvortraege-002.xml
8,Das Tool LAKomp und seine Anwendung auf Texte nichtstandardisierter Sprachstufen,"Das Tool LAKomp undseine Anwendung aufTexte nichtstandardisierterSprachstufen,Barbara.Aehnlich@uni-j",Das Tool LAKomp und seine Anwendung auf Texte nichtstandardisierter Sprachstufen,conferences\DHd2016\pdf_einzeln\posters-001.pdf,conferences\DHd2016\xml\posters-001.xml
9,Monasterium. Benutzerintegration in einem DH-Großprojekt,"Monasterium.Benutzerintegration in einemDH-Großprojekt,martina.buergermeister@uni-graz.atZIM, Univer",Monasterium. Benutzerintegration in einem DH-Großprojekt,conferences\DHd2016\pdf_einzeln\posters-002.pdf,conferences\DHd2016\xml\posters-002.xml
10,Booksprint-Projekt: Lehrbuch „Forschungsdaten-management“,"Booksprint-Projekt:Lehrbuch „Forschungsdaten-management“,st.buettner@fh-potsdam.deFH Potsdam, Deutsc",Booksprint-Projekt: Lehrbuch „Forschungsdaten-management“,conferences\DHd2016\pdf_einzeln\posters-003.pdf,conferences\DHd2016\xml\posters-003.xml
11,Ähnlichkeitssuche in den Digital Humanities: Semi-automatische Identifikation von Kostümmustern,"Ähnlichkeitssuche in denDigital Humanities: Semi-automatische Identifikationvon Kostümmustern,johann",Ähnlichkeitssuche in den Digital Humanities: Semi-automatische Identifikation von Kostümmustern ,conferences\DHd2016\pdf_einzeln\posters-004.pdf,conferences\DHd2016\xml\posters-004.xml
12,Digitales Publizieren. Bedingungen – Optionen – Empfehlungen,"Digitales Publizieren.Bedingungen – Optionen –Empfehlungen,staecker@hab.deHerzog August Bibliothek W",Digitales Publizieren. Bedingungen – Optionen – Empfehlungen,conferences\DHd2016\pdf_einzeln\posters-005.pdf,conferences\DHd2016\xml\posters-005.xml
13,Das Dortmunder Chat-Korpus in CLARIN-D: Modellierung und Mehrwerte,"Das Dortmunder Chat-Korpus in CLARIN-D: Modellierung undMehrwerte,michael.beisswenger@tu-dortmund.de",Das Dortmunder Chat-Korpus in CLARIN-D: Modellierung und Mehrwerte,conferences\DHd2016\pdf_einzeln\posters-006.pdf,conferences\DHd2016\xml\posters-006.xml
14,Digitale Forschungsaktivitäten multilingual: TaDiRAH für die deutschsprachige DH-Community,"DigitaleForschungsaktivitätenmultilingual: TaDiRAH fürdie deutschsprachige DH-Community,borek@lingli",Digitale Forschungsaktivitäten multilingual: TaDiRAH für die deutschsprachige DH-Community,conferences\DHd2016\pdf_einzeln\posters-007.pdf,conferences\DHd2016\xml\posters-007.xml
15,"""Bleeding Edge"" – Datenmodellierung, Softwareentwicklung und die Freuden und Leiden forschungsgetriebener Entwicklung am Beispiel der Datenbank der Islamic Scientific Manuscript Initiative (ISMI)","""Bleeding Edge"" –Datenmodellierung,Softwareentwicklung unddie Freuden und Leidenforschungsgetriebene","""Bleeding Edge"" – Datenmodellierung, Softwareentwicklung und die Freuden und Leiden forschungsgetriebener Entwicklung am Beispiel der Datenbank der Islamic Scientific Manuscript Initiative (ISMI)",conferences\DHd2016\pdf_einzeln\posters-008.pdf,conferences\DHd2016\xml\posters-008.xml
16,histoGraph: Graphbasierte Exploration und Crowdbasierte Indexierung,"histoGraph: GraphbasierteExploration undCrowdbasierte Indexierung,lars.wieneke@cvce.euCVCE Luxembour",histoGraph: Graphbasierte Exploration und Crowdbasierte Indexierung ,conferences\DHd2016\pdf_einzeln\posters-009.pdf,conferences\DHd2016\xml\posters-009.xml
17,Baustein statt Datenruine: Beitrag zu einer Forschungsumgebung mit Bild-Text-Annotationen,"Baustein statt Datenruine:Beitrag zu einerForschungsumgebung mitBild-Text-Annotationen,decker@asia-e",Baustein statt Datenruine: Beitrag zu einer Forschungsumgebung mit Bild-Text-Annotationen,conferences\DHd2016\pdf_einzeln\posters-010.pdf,conferences\DHd2016\xml\posters-010.xml
18,Metaphern digital – Auf dem Weg von der Annotation zur automatischen Detektion,"Metaphern digital – Auf demWeg von der Annotation zurautomatischen Detektion,dodinh@kdsl.informatik.",Metaphern digital – Auf dem Weg von der Annotation zur automatischen Detektion,conferences\DHd2016\pdf_einzeln\posters-011.pdf,conferences\DHd2016\xml\posters-011.xml
19,With a little help from my (HDC-)friends,"With a little help from my(HDC-)friends,claudia.engelhardt@sub.uni-goettingen.deNiedersächsische Sta",With a little help from my (HDC-)friends,conferences\DHd2016\pdf_einzeln\posters-012.pdf,conferences\DHd2016\xml\posters-012.xml
20,„Bis zum Sankt(-|\s)?[Nn]immerleins(-|\s)?[Tt]ag“ – Der Datumserkenner „PDR-Dates“,"„Bis zum Sankt(-|\s)?[Nn]immerleins(-|\s)?[Tt]ag“– Der Datumserkenner„PDR-Dates“,fechner@bbaw.deBerl",„Bis zum Sankt(-|\s)?[Nn]immerleins(-|\s)?[Tt]ag“ – Der Datumserkenner „PDR-Dates“,conferences\DHd2016\pdf_einzeln\posters-013.pdf,conferences\DHd2016\xml\posters-013.xml
21,Distant-Reading-Showcase: 200 Jahre deutscher Dramengeschichte auf einen Blick,"Distant-Reading-Showcase:200 Jahre deutscherDramengeschichte auf einenBlick,frank.fischer@zentr.uni-",Distant-Reading-Showcase: 200 Jahre deutscher Dramengeschichte auf einen Blick,conferences\DHd2016\pdf_einzeln\posters-014.pdf,conferences\DHd2016\xml\posters-014.xml
22,"Ontologie-basierte Modellierung, Vernetzung und Visualisierung geschichtswissen-schaftlichen, wirtschaftswissen-schaftlichen und politikwissen-schaftlichen Wissens zur Unterstützung multiperspektivischer Konfliktforschung","Ontologie-basierteModellierung, Vernetzungund Visualisierunggeschichtswissen-schaftlichen,wirtschaft","Ontologie-basierte Modellierung, Vernetzung und Visualisierung geschichtswissen-schaftlichen, wirtschaftswissen-schaftlichen und politikwissen-schaftlichen Wissens zur Unterstützung multiperspektivischer Konfliktforschung",conferences\DHd2016\pdf_einzeln\posters-015.pdf,conferences\DHd2016\xml\posters-015.xml
23,"Biblissima - Semantic Web Application für Handschriften, Inkunabeln und historische Sammlungen - Zwischenbericht","Biblissima - SemanticWeb Application fürHandschriften, Inkunabelnund historische Sammlungen- Zwische","Biblissima - Semantic Web Application für Handschriften, Inkunabeln und historische Sammlungen - Zwischenbericht",conferences\DHd2016\pdf_einzeln\posters-016.pdf,conferences\DHd2016\xml\posters-016.xml
24,: aichinger,": aichinger,mathiasmueller@aon.atÖAW, Österreich,dittricha@gmail.comÖAW, Österreich,Gilbert_Waltl@gm",: aichinger,conferences\DHd2016\pdf_einzeln\posters-017.pdf,conferences\DHd2016\xml\posters-017.xml
25,EbnerOnline. Konzept – Realisierung – Probleme. Erfahrungen aus der Praxis Digitaler Editionsarbeit,"EbnerOnline. Konzept –Realisierung – Probleme.Erfahrungen aus der PraxisDigitaler Editionsarbeit,ric",EbnerOnline. Konzept – Realisierung – Probleme. Erfahrungen aus der Praxis Digitaler Editionsarbeit ,conferences\DHd2016\pdf_einzeln\posters-018.pdf,conferences\DHd2016\xml\posters-018.xml
26,Dissertation: Der Berner Chorherr Heinrich Wölfli (1470-1532) und die Beschreibung seiner Heiligland-Wallfahrt von 1520/21 - Erschliessung und Darstellung durch klassisch-literaturwissenschaft-liche und digital-moderne Methoden,Dissertation: Der BernerChorherr Heinrich Wölfli(1470-1532) und dieBeschreibung seinerHeiligland-Wal,Dissertation: Der Berner Chorherr Heinrich Wölfli (1470-1532) und die Beschreibung seiner Heiligland-Wallfahrt von 1520/21 - Erschliessung und Darstellung durch klassisch-literaturwissenschaft-liche und digital-moderne Methoden,conferences\DHd2016\pdf_einzeln\posters-019.pdf,conferences\DHd2016\xml\posters-019.xml
27,Mit der FinderApp durch Goethes Faust: Treffer im Faksimile visuell hervorgehoben und multimediale Ausgabe in Videoaufführung und Hörbuch.,Mit der FinderApp durchGoethes Faust: Trefferim Faksimile visuellhervorgehoben undmultimediale Ausga,Mit der FinderApp durch Goethes Faust: Treffer im Faksimile visuell hervorgehoben und multimediale Ausgabe in Videoaufführung und Hörbuch.,conferences\DHd2016\pdf_einzeln\posters-020.pdf,conferences\DHd2016\xml\posters-020.xml
28,TInCAP – ein interdisziplinäres Korpus zu Ambiguitäts-phänomenen,"TInCAP – eininterdisziplinäres Korpus zuAmbiguitäts-phänomenen,jutta.hartmann@uni-tuebingen.deUniver",TInCAP – ein interdisziplinäres Korpus zu Ambiguitäts-phänomenen,conferences\DHd2016\pdf_einzeln\posters-021.pdf,conferences\DHd2016\xml\posters-021.xml
29,Annotation natürlichsprachlicher Texte aus Onlineforen zur Entwicklung domainspezifischer Ontologien,"AnnotationnatürlichsprachlicherTexte aus Onlineforenzur EntwicklungdomainspezifischerOntologien,hast",Annotation natürlichsprachlicher Texte aus Onlineforen zur Entwicklung domainspezifischer Ontologien ,conferences\DHd2016\pdf_einzeln\posters-022.pdf,conferences\DHd2016\xml\posters-022.xml
30,Lizenzauswahlwerk-zeuge für die digitalen Geisteswissenschaften,"Lizenzauswahlwerk-zeuge für die digitalenGeisteswissenschaften,pawel.kamocki@gmail.comInstitut für D",Lizenzauswahlwerk-zeuge für die digitalen Geisteswissenschaften,conferences\DHd2016\pdf_einzeln\posters-023.pdf,conferences\DHd2016\xml\posters-023.xml
31,Die Uwe Johnson-Werkausgabe,"Die Uwe Johnson-Werkausgabe,fabian.kassner@uni-rostock.deUniversität Rostock, Deutschland,andre.kisc",Die Uwe Johnson-Werkausgabe,conferences\DHd2016\pdf_einzeln\posters-024.pdf,conferences\DHd2016\xml\posters-024.xml
32,Digitales Publizieren in den Geisteswissenschaften – Abschlussbericht und Handlungsempfehlun-gen des DFG-Projektes Fu-PusH,Digitales Publizieren inden Geisteswissenschaften– Abschlussbericht undHandlungsempfehlun-gendes DFG,Digitales Publizieren in den Geisteswissenschaften – Abschlussbericht und Handlungsempfehlun-gen des DFG-Projektes Fu-PusH ,conferences\DHd2016\pdf_einzeln\posters-025.pdf,conferences\DHd2016\xml\posters-025.xml
33,Digital Zusammenwachsen: Forschungsdaten-management im Forschungsverbund MWW,"Digital Zusammenwachsen:Forschungsdaten-management imForschungsverbund MWW,steyer@hab.deForschungsve",Digital Zusammenwachsen: Forschungsdaten-management im Forschungsverbund MWW,conferences\DHd2016\pdf_einzeln\posters-026.pdf,conferences\DHd2016\xml\posters-026.xml
34,Darf wissenschaftliches Design in DH-Projekten emotional ansprechen?,"Darf wissenschaftlichesDesign in DH-Projektenemotional ansprechen?,lambertz@uni-trier.deUniversität ",Darf wissenschaftliches Design in DH-Projekten emotional ansprechen? ,conferences\DHd2016\pdf_einzeln\posters-027.pdf,conferences\DHd2016\xml\posters-027.xml
35,Gernika – Visualisierung der Interkonnektivität medialer Öffentlichkeiten in Europa,"Gernika – Visualisierung derInterkonnektivität medialerÖffentlichkeiten in Europa,loebel@bitgilde.de",Gernika – Visualisierung der Interkonnektivität medialer Öffentlichkeiten in Europa,conferences\DHd2016\pdf_einzeln\posters-028.pdf,conferences\DHd2016\xml\posters-028.xml
36,Eine musikwissenschaftli-che Edition in virtueller Umgebung: Die Einbindung der Anton Webern-Gesamtausgabe in SALSAH,Eine musikwissenschaftli-che Edition in virtuellerUmgebung: Die Einbindungder Anton Webern-Gesamtaus,Eine musikwissenschaftli-che Edition in virtueller Umgebung: Die Einbindung der Anton Webern-Gesamtausgabe in SALSAH ,conferences\DHd2016\pdf_einzeln\posters-029.pdf,conferences\DHd2016\xml\posters-029.xml
37,Datenressourcen der Arbeitsstelle des Deutschen Wörterbuchs (Neubearbeitung),"Datenressourcender Arbeitsstelle desDeutschen Wörterbuchs(Neubearbeitung),nmedera@gwdg.deAkademie de",Datenressourcen der Arbeitsstelle des Deutschen Wörterbuchs (Neubearbeitung),conferences\DHd2016\pdf_einzeln\posters-030.pdf,conferences\DHd2016\xml\posters-030.xml
38,Nutzerorientierte Softwareentwicklung revised – Die Perspektive der Editorinnen und Editoren in digitalen Musik und Medieneditionen,NutzerorientierteSoftwareentwicklung revised– Die Perspektive derEditorinnen und Editorenin digitale,Nutzerorientierte Softwareentwicklung revised – Die Perspektive der Editorinnen und Editoren in digitalen Musik und Medieneditionen ,conferences\DHd2016\pdf_einzeln\posters-031.pdf,conferences\DHd2016\xml\posters-031.xml
39,Netzwerkanalysen als Methode in der historischen Epistemologie,"Netzwerkanalysen alsMethode in der historischenEpistemologie,dwinter@mpiwg-berlin.mpg.deMax-Planck-I",Netzwerkanalysen als Methode in der historischen Epistemologie,conferences\DHd2016\pdf_einzeln\posters-032.pdf,conferences\DHd2016\xml\posters-032.xml
40,Stefan George Digital,"Stefan George Digital,frederike.neuber@uni-graz.atZIM, Universität Graz, ÖsterreichUntersuchungsgege",Stefan George Digital,conferences\DHd2016\pdf_einzeln\posters-033.pdf,conferences\DHd2016\xml\posters-033.xml
41,"Der Lehrpraxis im Transfer-Facharbeitskreis ""Digitale Geisteswissenschaften in Sachsen""","Der Lehrpraxis im Transfer-Facharbeitskreis ""DigitaleGeisteswissenschaften inSachsen"",ppfeil@uni-lei","Der Lehrpraxis im Transfer-Facharbeitskreis ""Digitale Geisteswissenschaften in Sachsen""",conferences\DHd2016\pdf_einzeln\posters-034.pdf,conferences\DHd2016\xml\posters-034.xml
42,Little Data on Big Map (Operative Verbildlichung von lokal existierten Daten der linguistischen Feldforschung),Little Data on Big Map(Operative Verbildlichungvon lokal existiertenDaten der linguistischenFeldfors,Little Data on Big Map (Operative Verbildlichung von lokal existierten Daten der linguistischen Feldforschung),conferences\DHd2016\pdf_einzeln\posters-035.pdf,conferences\DHd2016\xml\posters-035.xml
43,DARIAH-DKPro-Wrapper,"DARIAH-DKPro-Wrapper,reimers@ukp.informatik.tu-darmstadt.deTU Darmstadt, Deutschland,fotis.jannidis@",DARIAH-DKPro-Wrapper,conferences\DHd2016\pdf_einzeln\posters-036.pdf,conferences\DHd2016\xml\posters-036.xml
44,Schichten über Schichten – Die Zukunft der Handschriften-forschung,"Schichten über Schichten– Die Zukunft derHandschriften-forschung,schassan@hab.deHerzog August Biblio",Schichten über Schichten – Die Zukunft der Handschriften-forschung,conferences\DHd2016\pdf_einzeln\posters-037.pdf,conferences\DHd2016\xml\posters-037.xml
45,Ziele und Aktivitäten der Arbeitsgruppe Digitale Romanistik,"Ziele und Aktivitäten derArbeitsgruppe DigitaleRomanistik,christof.schoech@uni-wuerzburg.deUniversit",Ziele und Aktivitäten der Arbeitsgruppe Digitale Romanistik,conferences\DHd2016\pdf_einzeln\posters-038.pdf,conferences\DHd2016\xml\posters-038.xml
46,WissKI – Wissenschaftliche Kommunikations-Infrastruktur,"WissKI – WissenschaftlicheKommunikations-Infrastruktur,dorian.merz@fau.deFriedrich-Alexander Univers",WissKI – Wissenschaftliche Kommunikations-Infrastruktur,conferences\DHd2016\pdf_einzeln\posters-039.pdf,conferences\DHd2016\xml\posters-039.xml
47,Entwicklung einer digitalen Brief-Edition und eines Forschungsportals zu Theodor Fontane,"Entwicklung einer digitalenBrief-Edition und einesForschungsportals zuTheodor Fontane,sabine.seifert",Entwicklung einer digitalen Brief-Edition und eines Forschungsportals zu Theodor Fontane,conferences\DHd2016\pdf_einzeln\posters-040.pdf,conferences\DHd2016\xml\posters-040.xml
48,explore.bread.AT! Die österreichische Brotkultur dialektal,"explore.bread.AT! Dieösterreichische Brotkulturdialektal,melanie.siemund@oeaw.ac.atÖsterreichische A",explore.bread.AT! Die österreichische Brotkultur dialektal ,conferences\DHd2016\pdf_einzeln\posters-041.pdf,conferences\DHd2016\xml\posters-041.xml
49,Digitale Dokumentation des Kulturerbes im internationalen Verbund. Das Projekt Forschungsinfrastruk-tur Kunstdenkmäler in Ostmitteleuropa (FoKO),Digitale Dokumentationdes Kulturerbesim internationalenVerbund. Das ProjektForschungsinfrastruk-tur ,Digitale Dokumentation des Kulturerbes im internationalen Verbund. Das Projekt Forschungsinfrastruk-tur Kunstdenkmäler in Ostmitteleuropa (FoKO),conferences\DHd2016\pdf_einzeln\posters-042.pdf,conferences\DHd2016\xml\posters-042.xml
50,Kein Gedanke ohne Gedächtnis: Aspekte der Kooperation zwischen digitaler Geisteswissenschaft und BAM-Institutionen,Kein Gedanke ohneGedächtnis: Aspekte derKooperation zwischendigitaler Geisteswissenschaftund BAM-Ins,Kein Gedanke ohne Gedächtnis: Aspekte der Kooperation zwischen digitaler Geisteswissenschaft und BAM-Institutionen ,conferences\DHd2016\pdf_einzeln\posters-043.pdf,conferences\DHd2016\xml\posters-043.xml
51,Digitales Arbeiten in den Geisteswissenschaften stärken – wissenschaftliche Begleitforschung in DARIAH-DE,Digitales Arbeiten in denGeisteswissenschaftenstärken – wissenschaftlicheBegleitforschung inDARIAH-D,Digitales Arbeiten in den Geisteswissenschaften stärken – wissenschaftliche Begleitforschung in DARIAH-DE,conferences\DHd2016\pdf_einzeln\posters-044.pdf,conferences\DHd2016\xml\posters-044.xml
52,Briding the GAP: 100 Jahre Dialektlexikographie als Cloud Service. Der SADE Use Case im DARIAH Competence Centre,Briding the GAP: 100 JahreDialektlexikographie alsCloud Service. Der SADEUse Case im DARIAHCompetenc,Briding the GAP: 100 Jahre Dialektlexikographie als Cloud Service. Der SADE Use Case im DARIAH Competence Centre,conferences\DHd2016\pdf_einzeln\posters-045.pdf,conferences\DHd2016\xml\posters-045.xml
53,Big Babylonian Pictures. Kohärenztechniken zur konsistenten Vernetzung von Visualisierungen zu mentalen Modellen,Big Babylonian Pictures.Kohärenztechniken zurkonsistenten Vernetzungvon Visualisierungen zumentalen ,Big Babylonian Pictures. Kohärenztechniken zur konsistenten Vernetzung von Visualisierungen zu mentalen Modellen,conferences\DHd2016\pdf_einzeln\posters-047.pdf,conferences\DHd2016\xml\posters-047.xml
54,dariahTeach - Freizugängliche Plattform für DH Lehrmaterialien,"dariahTeach -Freizugängliche Plattformfür DH Lehrmaterialien,Tanja.Wissik@oeaw.ac.atÖsterreichische ",dariahTeach - Freizugängliche Plattform für DH Lehrmaterialien,conferences\DHd2016\pdf_einzeln\posters-048.pdf,conferences\DHd2016\xml\posters-048.xml
55,Modellierung von Forschungsdaten durch Annotation,"Modellierung vonForschungsdaten durchAnnotation,heike.zinsmeister@uni-hamburg.deUniversität Hamburg,",Modellierung von Forschungsdaten durch Annotation ,conferences\DHd2016\pdf_einzeln\posters-049.pdf,conferences\DHd2016\xml\posters-049.xml
56,Visualisierung von Ortsnamen im Deutschen Textarchiv,"Visualisierung vonOrtsnamen im DeutschenTextarchiv,adrien.barbaresi@oeaw.ac.atÖsterreichische Akadem", Visualisierung von Ortsnamen im Deutschen Textarchiv,conferences\DHd2016\pdf_einzeln\posters-050.pdf,conferences\DHd2016\xml\posters-050.xml
57,Die computergestützte Erschließung und Visualisierung historischer Itinerare,"Die computergestützteErschließung undVisualisierung historischerItinerare,daniel.blank@uni-bamberg.d",Die computergestützte Erschließung und Visualisierung historischer Itinerare,conferences\DHd2016\pdf_einzeln\posters-051.pdf,conferences\DHd2016\xml\posters-051.xml
58,Visualisierung mittelalterlicher Handschriften im Projekt eCodicology,"VisualisierungmittelalterlicherHandschriften im ProjekteCodicology,buschh@uni-trier.deUniversität Tr",Visualisierung mittelalterlicher Handschriften im Projekt eCodicology,conferences\DHd2016\pdf_einzeln\posters-052.pdf,conferences\DHd2016\xml\posters-052.xml
59,Menschen und Monumente im Fokus. Semantische Modellierung im Baedeker Corpus,"Menschen und Monumenteim Fokus. SemantischeModellierung im BaedekerCorpus,ulrike.czeitschner@oeaw.ac",Menschen und Monumente im Fokus. Semantische Modellierung im Baedeker Corpus,conferences\DHd2016\pdf_einzeln\posters-053.pdf,conferences\DHd2016\xml\posters-053.xml
60,"Ontologisierung vom Thompson Motif‘s Index – Teilergebnisse eines Softwareprojektes zum Thema „Classification of Folktales“, bei Antónia Kostevá, Universität des Saarlandes",Ontologisierung vomThompson Motif‘s Index– Teilergebnisse einesSoftwareprojektes zumThema „Classific,"Ontologisierung vom Thompson Motif‘s Index – Teilergebnisse eines Softwareprojektes zum Thema „Classification of Folktales“, bei Antónia Kostevá, Universität des Saarlandes",conferences\DHd2016\pdf_einzeln\posters-054.pdf,conferences\DHd2016\xml\posters-054.xml
61,CLARIN-D: Ressourcen gesprochener Sprache und Webservices des Bayerischen Archivs für Sprachsignale,"CLARIN-D: Ressourcengesprochener Spracheund Webservices desBayerischen Archivs fürSprachsignale,drax",CLARIN-D: Ressourcen gesprochener Sprache und Webservices des Bayerischen Archivs für Sprachsignale,conferences\DHd2016\pdf_einzeln\posters-055.pdf,conferences\DHd2016\xml\posters-055.xml
62,"Kuration und Exploration des Korpus ""Diskurs in der Weimarer Republik""","Kuration und Explorationdes Korpus ""Diskurs in derWeimarer Republik"",fankhauser@ids-mannheim.deIDS-M","Kuration und Exploration des Korpus ""Diskurs in der Weimarer Republik""",conferences\DHd2016\pdf_einzeln\posters-056.pdf,conferences\DHd2016\xml\posters-056.xml
63,Erschließung digitaler Ressourcen und Forschungsdaten in den Digital Humanities: Der Digitale Wissensspeicher an der Berlin-Brandenburgischen Akademie der Wissenschaften,Erschließung digitalerRessourcen undForschungsdaten in denDigital Humanities: DerDigitale Wissensspe,Erschließung digitaler Ressourcen und Forschungsdaten in den Digital Humanities: Der Digitale Wissensspeicher an der Berlin-Brandenburgischen Akademie der Wissenschaften ,conferences\DHd2016\pdf_einzeln\posters-057.pdf,conferences\DHd2016\xml\posters-057.xml
64,Romantik im Wandel der Zeit – eine quantitative Untersuchung,"Romantik im Wandel derZeit – eine quantitativeUntersuchung,johannes.hellrich@uni-jena.deJena Univers",Romantik im Wandel der Zeit – eine quantitative Untersuchung ,conferences\DHd2016\pdf_einzeln\posters-058.pdf,conferences\DHd2016\xml\posters-058.xml
65,Erstellung und Visualisierung von Topic-Modellen in WebLicht,"Erstellung undVisualisierung von Topic-Modellen in WebLicht,marie.hinrichs@uni-tuebingen.deUniversit",Erstellung und Visualisierung von Topic-Modellen in WebLicht,conferences\DHd2016\pdf_einzeln\posters-059.pdf,conferences\DHd2016\xml\posters-059.xml
66,"Das erste dynamische Stemma, Pionier des digitalen Zeitalters?","Das erste dynamischeStemma, Pionier desdigitalen Zeitalters?,hoenen@em.uni-frankfurt.deGoethe Univer","Das erste dynamische Stemma, Pionier des digitalen Zeitalters?",conferences\DHd2016\pdf_einzeln\posters-060.pdf,conferences\DHd2016\xml\posters-060.xml
67,Über die Nutzung von TagPies zur vergleichenden Analyse von Textdaten,"Über die Nutzung vonTagPies zur vergleichendenAnalyse von Textdaten,stjaenicke@informatik.uni-leipzi",Über die Nutzung von TagPies zur vergleichenden Analyse von Textdaten,conferences\DHd2016\pdf_einzeln\posters-061.pdf,conferences\DHd2016\xml\posters-061.xml
68,Graphdatenbanken für Historiker mit Perspektiven für die Historische Semantik,"Graphdatenbanken fürHistoriker mit Perspektivenfür die Historische Semantik,andreas.kuczera@geschich",Graphdatenbanken für Historiker mit Perspektiven für die Historische Semantik,conferences\DHd2016\pdf_einzeln\posters-062.pdf,conferences\DHd2016\xml\posters-062.xml
69,CRETA (Centrum für reflektierte Textanalyse) – Fachübergreifende Methodenentwicklung in den Digital Humanities,CRETA (Centrum fürreflektierte Textanalyse)– FachübergreifendeMethodenentwicklung in denDigital Huma,CRETA (Centrum für reflektierte Textanalyse) – Fachübergreifende Methodenentwicklung in den Digital Humanities ,conferences\DHd2016\pdf_einzeln\posters-063.pdf,conferences\DHd2016\xml\posters-063.xml
70,Historische Begriffe der Erziehungswissen-schaft - Erzeugung einer Ontologie,"Historische Begriffe derErziehungswissen-schaft -Erzeugung einer Ontologie,l.mueller@dipf.deDIPF, De",Historische Begriffe der Erziehungswissen-schaft - Erzeugung einer Ontologie,conferences\DHd2016\pdf_einzeln\posters-064.pdf,conferences\DHd2016\xml\posters-064.xml
71,neonion - Kollaboratives Annotieren zur Erschließung von textuellen Quellen,"neonion - KollaborativesAnnotieren zur Erschließungvon textuellen Quellen,clmb@inf.fu-berlin.deFreie",neonion - Kollaboratives Annotieren zur Erschließung von textuellen Quellen ,conferences\DHd2016\pdf_einzeln\posters-065.pdf,conferences\DHd2016\xml\posters-065.xml
72,Excerpta Constantiniana: vom Palimpsest zur Edition einer mittelalterlichen Enzyklopädie,"Excerpta Constantiniana:vom Palimpsest zur Editioneiner mittelalterlichenEnzyklopädie,dariya.rafiyen",Excerpta Constantiniana: vom Palimpsest zur Edition einer mittelalterlichen Enzyklopädie,conferences\DHd2016\pdf_einzeln\posters-066.pdf,conferences\DHd2016\xml\posters-066.xml
73,Digital Humanities und Linguistik: Herausforderungen und ihre Potenziale am Beispiel der Annotation multimodaler Daten,Digital Humanitiesund Linguistik:Herausforderungen und ihrePotenziale am Beispiel derAnnotation mult,Digital Humanities und Linguistik: Herausforderungen und ihre Potenziale am Beispiel der Annotation multimodaler Daten,conferences\DHd2016\pdf_einzeln\posters-067.pdf,conferences\DHd2016\xml\posters-067.xml
74,Datenbank für Gesprochenes Deutsch (DGD),"Datenbank für GesprochenesDeutsch (DGD),thomas.schmidt@ids-mannheim.deIDS Mannheim, DeutschlandEine ",Datenbank für Gesprochenes Deutsch (DGD),conferences\DHd2016\pdf_einzeln\posters-068.pdf,conferences\DHd2016\xml\posters-068.xml
75,CFDB: eine paläographische Datenbank neu- und spätbabylonischer Keilschriftzeichen,"CFDB: eine paläographischeDatenbank neu- undspätbabylonischerKeilschriftzeichen,daniel.schopper@oeaw",CFDB: eine paläographische Datenbank neu- und spätbabylonischer Keilschriftzeichen,conferences\DHd2016\pdf_einzeln\posters-069.pdf,conferences\DHd2016\xml\posters-069.xml
76,"Visuelle Möglichkeiten der Textkollation anhand des Beispiels eines Vergleiches von Erich Kästners ""Fabian"" und ""Der Gang vor die Hunde""","Visuelle Möglichkeiten derTextkollation anhand desBeispiels eines Vergleichesvon Erich Kästners ""Fab","Visuelle Möglichkeiten der Textkollation anhand des Beispiels eines Vergleiches von Erich Kästners ""Fabian"" und ""Der Gang vor die Hunde"" ",conferences\DHd2016\pdf_einzeln\posters-070.pdf,conferences\DHd2016\xml\posters-070.xml
77,Das digitale Handbuch der Höfe und Residenzen im spätmittelalterlichen Reich. Eine suchoptimierte Präsentation von strukturierten und verlinkten XML-TEI Daten.,Das digitale Handbuchder Höfe und Residenzenim spätmittelalterlichenReich. Eine suchoptimiertePräsen,Das digitale Handbuch der Höfe und Residenzen im spätmittelalterlichen Reich. Eine suchoptimierte Präsentation von strukturierten und verlinkten XML-TEI Daten.,conferences\DHd2016\pdf_einzeln\posters-071.pdf,conferences\DHd2016\xml\posters-071.xml
78,Gegenwärtige dialektspezifische Daten und deren Anwendung in der Dialektometrie,"Gegenwärtigedialektspezifische Daten undderen Anwendung in derDialektometrie,desi@cis.uni-muenchen.d",Gegenwärtige dialektspezifische Daten und deren Anwendung in der Dialektometrie,conferences\DHd2016\pdf_einzeln\posters-072.pdf,conferences\DHd2016\xml\posters-072.xml
79,"Kollaboratives Schreiben gestern, heute und morgen: Nutzen und Grenzen eines Visualisierungs- und Analysemodels aus der digitalen Literaturforschung","Kollaboratives Schreibengestern, heute und morgen:Nutzen und Grenzen einesVisualisierungs- undAnalys","Kollaboratives Schreiben gestern, heute und morgen: Nutzen und Grenzen eines Visualisierungs- und Analysemodels aus der digitalen Literaturforschung",conferences\DHd2016\pdf_einzeln\posters-073.pdf,conferences\DHd2016\xml\posters-073.xml
80,Aufbau einer Korpusinfrastruktur für die Beobachtung des Schreibgebrauchs,"Aufbau einerKorpusinfrastruktur fürdie Beobachtung desSchreibgebrauchs,peter.fischer@ids-mannheim.de",Aufbau einer Korpusinfrastruktur für die Beobachtung des Schreibgebrauchs,conferences\DHd2016\pdf_einzeln\posters-074.pdf,conferences\DHd2016\xml\posters-074.xml
81,Automatische Typenbestimmung in historischen Drucken,"AutomatischeTypenbestimmung inhistorischen Drucken,weichsel@uni-mainz.deJohannes Gutenberg Universit",Automatische Typenbestimmung in historischen Drucken,conferences\DHd2016\pdf_einzeln\posters-075.pdf,conferences\DHd2016\xml\posters-075.xml
82,Die Schule von Salamanca. Ansätze für vernetzte und visualisierbare Daten,"Die Schule von Salamanca.Ansätze für vernetzte undvisualisierbare Daten,andreas.wagner@em.uni-frankf", Die Schule von Salamanca. Ansätze für vernetzte und visualisierbare Daten ,conferences\DHd2016\pdf_einzeln\posters-076.pdf,conferences\DHd2016\xml\posters-076.xml
83,Dramenwerkbank - Automatische Sprachverarbeitung zur Analyse von Figurenrede,"Dramenwerkbank- AutomatischeSprachverarbeitung zurAnalyse von Figurenrede,andre.blessing@ims.uni-stu",Dramenwerkbank - Automatische Sprachverarbeitung zur Analyse von Figurenrede,conferences\DHd2016\pdf_einzeln\posters-077.pdf,conferences\DHd2016\xml\posters-077.xml
84,Wie verhalten sich Aktionäre bei Unternehmenszusam-menschlüssen? Modellierung sprachlicher Muster zur Analyse treibender Faktoren bei der Berichterstattung,Wie verhaltensich Aktionäre beiUnternehmenszusam-menschlüssen? Modellierungsprachlicher Muster zurAn,Wie verhalten sich Aktionäre bei Unternehmenszusam-menschlüssen? Modellierung sprachlicher Muster zur Analyse treibender Faktoren bei der Berichterstattung,conferences\DHd2016\pdf_einzeln\posters-078.pdf,conferences\DHd2016\xml\posters-078.xml
85,RuCoCo: Automatische Koreferenzannotationen für Russisch,"RuCoCo: AutomatischeKoreferenzannotationen fu#rRussisch,desi@cis.uni-muenchen.deCentrum für Informat",RuCoCo: Automatische Koreferenzannotationen für Russisch,conferences\DHd2016\pdf_einzeln\posters-079.pdf,conferences\DHd2016\xml\posters-079.xml
86,Argumentanalyse in digitalen Textkorpora,"Argumentanalyse indigitalen Textkorpora,miriam.butt@uni-konstanz.deUniversität Konstanz, Deutschland",Argumentanalyse in digitalen Textkorpora,conferences\DHd2016\pdf_einzeln\sektionen-001.pdf,conferences\DHd2016\xml\sektionen-001.xml
87,"""Delta"" in der stilometrischen Autorschaftsattribution","""Delta"" in derstilometrischenAutorschaftsattribution,stefan.evert@fau.deUniversität Erlangen-Nürnber","""Delta"" in der stilometrischen Autorschaftsattribution",conferences\DHd2016\pdf_einzeln\sektionen-002.pdf,conferences\DHd2016\xml\sektionen-002.xml
88,Arthistory’s Next Topmodel? Der Trend zur Ontologie,"Arthistory’s NextTopmodel? Der Trend zurOntologie,georg.schelbert@hu-berlin.deHumboldt-Universität z",Arthistory’s Next Topmodel? Der Trend zur Ontologie,conferences\DHd2016\pdf_einzeln\sektionen-003.pdf,conferences\DHd2016\xml\sektionen-003.xml
89,"Mobile Anwendungen als multimodale Medien zur Vermittlung vormoderner Artefakte. Die ,Historisches Paderborn‘-App – ein interdisziplinäres Forschungs- und Lehrprojekt","Mobile Anwendungen alsmultimodale Medien zurVermittlung vormodernerArtefakte. Die ,HistorischesPader","Mobile Anwendungen als multimodale Medien zur Vermittlung vormoderner Artefakte. Die ,Historisches Paderborn‘-App – ein interdisziplinäres Forschungs- und Lehrprojekt",conferences\DHd2016\pdf_einzeln\sektionen-004.pdf,conferences\DHd2016\xml\sektionen-004.xml
90,Transbiblionome Daten in der Literaturwissenschaft. Texttechnologische Erschließung und digitale Visualisierung intertextueller Beziehungen digitaler Korpora,Transbiblionome Daten inder Literaturwissenschaft.TexttechnologischeErschließung und digitaleVisuali,Transbiblionome Daten in der Literaturwissenschaft. Texttechnologische Erschließung und digitale Visualisierung intertextueller Beziehungen digitaler Korpora,conferences\DHd2016\pdf_einzeln\sektionen-005.pdf,conferences\DHd2016\xml\sektionen-005.xml
91,"Editionsphilologie zwischen Bibliothek, Archiv und Fachwissenschaft: Der standardisierte Open-Source-Workflow der digitalen Edition der Korrespondenz August Wilhelm Schlegels","Editionsphilologie zwischenBibliothek, Archiv undFachwissenschaft: Derstandardisierte Open-Source-Wo",,conferences\DHd2016\pdf_einzeln\vortraege-001.pdf,conferences\DHd2016\xml\vortraege-001.xml
92,Pattern Mining in Keilschriftzeichnungen,"Pattern Mining inKeilschriftzeichnungen,bg.bartek@gmail.comUniversität Heidelberg, Deutschland,huber",Pattern Mining in Keilschriftzeichnungen,conferences\DHd2016\pdf_einzeln\vortraege-002.pdf,conferences\DHd2016\xml\vortraege-002.xml
93,Algorithmische Visualisierungen: Ausdruck von Routinen und Denkstilen in den Digital Humanities,"AlgorithmischeVisualisierungen: Ausdruckvon Routinen undDenkstilen in den DigitalHumanities,bubenhof",Algorithmische Visualisierungen: Ausdruck von Routinen und Denkstilen in den Digital Humanities,conferences\DHd2016\pdf_einzeln\vortraege-003.pdf,conferences\DHd2016\xml\vortraege-003.xml
94,Die Kunst als Ganzes. Heterogene Bilddatensätze als Herausforderung für die Kunstgeschichte und die Computer Vision.,Die Kunst als Ganzes.Heterogene Bilddatensätzeals Herausforderung für dieKunstgeschichte und dieComp,Die Kunst als Ganzes. Heterogene Bilddatensätze als Herausforderung für die Kunstgeschichte und die Computer Vision.,conferences\DHd2016\pdf_einzeln\vortraege-004.pdf,conferences\DHd2016\xml\vortraege-004.xml
95,Die Corpusanalyse multimodaler Erzählungen am Beispiel graphischer Romane,"Die Corpusanalysemultimodaler Erzählungenam Beispiel graphischerRomane,alexander.dunst@gmail.comUniv",Die Corpusanalyse multimodaler Erzählungen am Beispiel graphischer Romane,conferences\DHd2016\pdf_einzeln\vortraege-005.pdf,conferences\DHd2016\xml\vortraege-005.xml
96,"Automatische Textanalysen in der Geschichtswissen-schaft – Auswertung, Interpretation und Relevanz","Automatische Textanalysenin der Geschichtswissen-schaft – Auswertung,Interpretation und Relevanz,fie","Automatische Textanalysen in der Geschichtswissen-schaft – Auswertung, Interpretation und Relevanz ",conferences\DHd2016\pdf_einzeln\vortraege-006.pdf,conferences\DHd2016\xml\vortraege-006.xml
97,Play(s): Crowdbasierte Anreicherung eines literarischen Volltext-Korpus,"Play(s): CrowdbasierteAnreicherung einesliterarischen Volltext-Korpus,mathiasgoebel@web.deUniversitä",Play(s): Crowdbasierte Anreicherung eines literarischen Volltext-Korpus,conferences\DHd2016\pdf_einzeln\vortraege-007.pdf,conferences\DHd2016\xml\vortraege-007.xml
98,Das juristische Referenzkorpus (JuReko) - Computergestützte Rechtslinguistik als empirischer Beitrag zu Gesetzgebung und Justiz,Das juristischeReferenzkorpus (JuReko)- ComputergestützteRechtslinguistik alsempirischer Beitrag zuG,Das juristische Referenzkorpus (JuReko) - Computergestützte Rechtslinguistik als empirischer Beitrag zu Gesetzgebung und Justiz,conferences\DHd2016\pdf_einzeln\vortraege-008.pdf,conferences\DHd2016\xml\vortraege-008.xml
99,DH-Projekte Österreichischer Literaturarchive: Ein Problembericht,"DH-ProjekteÖsterreichischerLiteraturarchive: EinProblembericht,vanessa.hannesschlaeger@oeaw.ac.atACD",DH-Projekte Österreichischer Literaturarchive: Ein Problembericht,conferences\DHd2016\pdf_einzeln\vortraege-009.pdf,conferences\DHd2016\xml\vortraege-009.xml
100,Modelling the Scholarly Domain beyond Infrastructure,"Modelling the ScholarlyDomain beyondInfrastructure,stefan.gradmann@kuleuven.beKatholieke Universitei",Modelling the Scholarly Domain beyond Infrastructure ,conferences\DHd2016\pdf_einzeln\vortraege-010.pdf,conferences\DHd2016\xml\vortraege-010.xml
101,Aufbau und Annotation des Kafka/Referenzkorpus,"Aufbau und Annotation desKafka/Referenzkorpus,bherrma1@gwdg.deUniversität Göttingen, Deutschland,geh",Aufbau und Annotation des Kafka/Referenzkorpus ,conferences\DHd2016\pdf_einzeln\vortraege-011.pdf,conferences\DHd2016\xml\vortraege-011.xml
102,Modellierung: eine Begriffsbestimmung,"Modellierung: eineBegriffsbestimmung,shessbru@hse.ruNational Research University - Higher School ofE",Modellierung: eine Begriffsbestimmung,conferences\DHd2016\pdf_einzeln\vortraege-012.pdf,conferences\DHd2016\xml\vortraege-012.xml
103,Korpusanalyse in der computergestützten Komparatistik,"Korpusanalyse in dercomputergestütztenKomparatistik,christine_ivanovicl@hotmail.comUniversität Wien,",Korpusanalyse in der computergestützten Komparatistik ,conferences\DHd2016\pdf_einzeln\vortraege-013.pdf,conferences\DHd2016\xml\vortraege-013.xml
104,Moving around the City of Glass,"Moving around the City ofGlass,laubrock@uni-potsdam.deUniversität Potsdam, Deutschland,hohenstein@un",Moving around the City of Glass,conferences\DHd2016\pdf_einzeln\vortraege-014.pdf,conferences\DHd2016\xml\vortraege-014.xml
105,Software-Einsatz in der geisteswissenschaftli-chen Forschungspraxis: Ergebnisse einer Umfrage,"Software-Einsatz in dergeisteswissenschaftli-chen Forschungspraxis:Ergebnisse einer Umfrage,clmb@inf",Software-Einsatz in der geisteswissenschaftli-chen Forschungspraxis: Ergebnisse einer Umfrage,conferences\DHd2016\pdf_einzeln\vortraege-015.pdf,conferences\DHd2016\xml\vortraege-015.xml
106,HistStadt4D - Multimodale Zugänge zu historischen Bildrepositorien zur Unterstützung stadt- und baugeschichtlicher Forschung und Vermittlung,HistStadt4D - MultimodaleZugänge zu historischenBildrepositorien zurUnterstützung stadt-und baugesch, HistStadt4D - Multimodale Zugänge zu historischen Bildrepositorien zur Unterstützung stadt- und baugeschichtlicher Forschung und Vermittlung ,conferences\DHd2016\pdf_einzeln\vortraege-016.pdf,conferences\DHd2016\xml\vortraege-016.xml
107,Die Geowissenschaftliche Analyse von großen Mengen historischer Texte: Die Visualisierung geographischer Verhältnisse in deutschen Familienzeitschriften,Die GeowissenschaftlicheAnalyse von großenMengen historischerTexte: Die Visualisierunggeographischer,Die Geowissenschaftliche Analyse von großen Mengen historischer Texte: Die Visualisierung geographischer Verhältnisse in deutschen Familienzeitschriften ,conferences\DHd2016\pdf_einzeln\vortraege-017.pdf,conferences\DHd2016\xml\vortraege-017.xml
108,Die datengeleitete Ermittlung des gemeinsamen sprachlichen Inventars der Geisteswissenschaften,"Die datengeleiteteErmittlung des gemeinsamensprachlichen Inventars derGeisteswissenschaften,cordula.",Die datengeleitete Ermittlung des gemeinsamen sprachlichen Inventars der Geisteswissenschaften,conferences\DHd2016\pdf_einzeln\vortraege-018.pdf,conferences\DHd2016\xml\vortraege-018.xml
109,Weibliches Erzählen im Expressionismus? Eine Stilometrie von Mela Hartwigs Prosa,"Weibliches Erzählen imExpressionismus? EineStilometrie von MelaHartwigs Prosa,Melanie.Mihm@germanist",Weibliches Erzählen im Expressionismus? Eine Stilometrie von Mela Hartwigs Prosa,conferences\DHd2016\pdf_einzeln\vortraege-019.pdf,conferences\DHd2016\xml\vortraege-019.xml
110,Small Data: Wissensproduktion und -vermittlung bei digitalen Visualisierungen in der Kunstgeschichte,"Small Data:Wissensproduktion und -vermittlung bei digitalenVisualisierungen in derKunstgeschichte,su", Small Data: Wissensproduktion und -vermittlung bei digitalen Visualisierungen in der Kunstgeschichte ,conferences\DHd2016\pdf_einzeln\vortraege-020.pdf,conferences\DHd2016\xml\vortraege-020.xml
111,Digitale Editionen als Web-Services,"Digitale Editionen als Web-Services,immanuel.normann@pagina-tuebingen.depagina GmbH, DeutschlandVers",Digitale Editionen als Web-Services ,conferences\DHd2016\pdf_einzeln\vortraege-021.pdf,conferences\DHd2016\xml\vortraege-021.xml
112,User-Experience von Spracharchiven: Eine Neubewertung der Interaktion von Archiv und Nutzern.,"User-Experience vonSpracharchiven: EineNeubewertung derInteraktion von Archiv undNutzern.,f.rau@uni-",User-Experience von Spracharchiven: Eine Neubewertung der Interaktion von Archiv und Nutzern.,conferences\DHd2016\pdf_einzeln\vortraege-022.pdf,conferences\DHd2016\xml\vortraege-022.xml
113,Sonification: Vermittlungsansätze zwischen Klang und Information,"Sonification:Vermittlungsansätzezwischen Klang undInformation,torsten.roeder@uni-wuerzburg.deUnivers",Sonification: Vermittlungsansätze zwischen Klang und Information,conferences\DHd2016\pdf_einzeln\vortraege-023.pdf,conferences\DHd2016\xml\vortraege-023.xml
114,"Zu virtuellen Forschungsumgebun-gen, einer genuin digitalen Hermeneutik sowie deren Visualisierung","Zu virtuellenForschungsumgebun-gen,einer genuin digitalenHermeneutik sowie derenVisualisierung,Leif.","Zu virtuellen Forschungsumgebun-gen, einer genuin digitalen Hermeneutik sowie deren Visualisierung",conferences\DHd2016\pdf_einzeln\vortraege-024.pdf,conferences\DHd2016\xml\vortraege-024.xml
115,Darstellung heterogenen und dynamischen Wissens mit CIDOC CRM und WissKI,"Darstellung heterogenen unddynamischen Wissens mitCIDOC CRM und WissKI,martin.scholz@fau.deFriedrich",Darstellung heterogenen und dynamischen Wissens mit CIDOC CRM und WissKI,conferences\DHd2016\pdf_einzeln\vortraege-025.pdf,conferences\DHd2016\xml\vortraege-025.xml
116,Tambora: Erkenntnisgewinne durch kartographische Visualisierungen von Forschungsdaten aus der historischen Klimatologie,Tambora:Erkenntnisgewinnedurch kartographischeVisualisierungen vonForschungsdaten aus derhistorische,Tambora: Erkenntnisgewinne durch kartographische Visualisierungen von Forschungsdaten aus der historischen Klimatologie,conferences\DHd2016\pdf_einzeln\vortraege-026.pdf,conferences\DHd2016\xml\vortraege-026.xml
117,„Jesus ist keine App“ - Fachsprachliche Konzeptualisierungen des ›Computers‹ und Ansätze computergestützter Fachsprachenlinguistik am Beispiel der Domänen Medizin und Theologie,„Jesus ist keine App“- FachsprachlicheKonzeptualisierungendes ›Computers‹ undAnsätze computergestütz,„Jesus ist keine App“ - Fachsprachliche Konzeptualisierungen des ›Computers‹ und Ansätze computergestützter Fachsprachenlinguistik am Beispiel der Domänen Medizin und Theologie,conferences\DHd2016\pdf_einzeln\vortraege-027.pdf,conferences\DHd2016\xml\vortraege-027.xml
118,Knowledge-Based Support for Scholarly Editing and Text Processing,"Knowledge-Based Supportfor Scholarly Editing andText Processing,info@janakittelmann.deMLU Halle-Witt",Knowledge-Based Support for Scholarly Editing and Text Processing,conferences\DHd2016\pdf_einzeln\vortraege-029.pdf,conferences\DHd2016\xml\vortraege-029.xml
119,"Annotation und Distant Reading: Probleme, Synergien, Perspektiven","Annotation und DistantReading: Probleme,Synergien, Perspektiven,angelika.zirker@uni-tuebingen.deEber","Annotation und Distant Reading: Probleme, Synergien, Perspektiven",conferences\DHd2016\pdf_einzeln\vortraege-030.pdf,conferences\DHd2016\xml\vortraege-030.xml
120,"ePoetics – Korpuserschließung und Visualisierung deutschsprachiger Poetiken (1770-1960) für den ,Algorithmic Criticism‘","ePoetics –Korpuserschließungund VisualisierungdeutschsprachigerPoetiken (1770-1960) fürden ,Algorith"," ePoetics – Korpuserschließung und Visualisierung deutschsprachiger Poetiken (1770-1960) für den ,Algorithmic Criticism‘ ",conferences\DHd2016\pdf_einzeln\vortraege-031.pdf,conferences\DHd2016\xml\vortraege-031.xml
121,Über den Mehrwert der Vernetzung von OCR-Verfahren zur Erfassung von Texten des 17. Jahrhunderts,"Über den Mehrwert derVernetzung von OCR-Verfahren zur Erfassung vonTexten des 17. Jahrhunderts,boeni",Über den Mehrwert der Vernetzung von OCR-Verfahren zur Erfassung von Texten des 17. Jahrhunderts,conferences\DHd2016\pdf_einzeln\vortraege-032.pdf,conferences\DHd2016\xml\vortraege-032.xml
122,Formate als Sackgassen: Handlungsempfeh-lungen,"Formate als Sackgassen:Handlungsempfeh-lungen,bohl@edirom.deZentrum für Musik- und Filminformatik, H",Formate als Sackgassen: Handlungsempfeh-lungen,conferences\DHd2016\pdf_einzeln\vortraege-033.pdf,conferences\DHd2016\xml\vortraege-033.xml
123,Digital Humanities in Bewegung: Ansätze für die computergestützte Filmanalyse,"Digital Humanities inBewegung: Ansätze fürdie computergestützteFilmanalyse,manuel.burghardt@ur.deLeh", Digital Humanities in Bewegung: Ansätze für die computergestützte Filmanalyse ,conferences\DHd2016\pdf_einzeln\vortraege-034.pdf,conferences\DHd2016\xml\vortraege-034.xml
124,Operationalisierung von Forschungsfragen in CLARIN-D - Der Anwendungsfall Ernst Jünger,"Operationalisierungvon Forschungsfragenin CLARIN-D - DerAnwendungsfall ErnstJünger,dgoldhahn@informa",Operationalisierung von Forschungsfragen in CLARIN-D - Der Anwendungsfall Ernst Jünger,conferences\DHd2016\pdf_einzeln\vortraege-035.pdf,conferences\DHd2016\xml\vortraege-035.xml
125,Judaica recherchieren – Unterstützung bei der Realisierung forschungsspezifischer Suchlösungen durch die generische Suche von DARIAH-DE,Judaica recherchieren– Unterstützung beider RealisierungforschungsspezifischerSuchlösungen durch die,Judaica recherchieren – Unterstützung bei der Realisierung forschungsspezifischer Suchlösungen durch die generische Suche von DARIAH-DE,conferences\DHd2016\pdf_einzeln\vortraege-036.pdf,conferences\DHd2016\xml\vortraege-036.xml
126,Nutzung und Kombination von Daten aus strukturierten und unstrukturierten Quellen zur Identifikation transnationaler Lebensläufe,Nutzung und Kombinationvon Daten aus strukturiertenund unstrukturiertenQuellen zur Identifikationtra,Nutzung und Kombination von Daten aus strukturierten und unstrukturierten Quellen zur Identifikation transnationaler Lebensläufe,conferences\DHd2016\pdf_einzeln\vortraege-037.pdf,conferences\DHd2016\xml\vortraege-037.xml
127,Sprachwandel im Sanskrit? Eine Corpusstudie zum Einfluss Pāṇinis auf die Lexik des Sanskrit,"Sprachwandel im Sanskrit?Eine Corpusstudie zumEinfluss P##inis auf dieLexik des Sanskrit,hellwig7@gm",Sprachwandel im Sanskrit? Eine Corpusstudie zum Einfluss Pāṇinis auf die Lexik des Sanskrit,conferences\DHd2016\pdf_einzeln\vortraege-038.pdf,conferences\DHd2016\xml\vortraege-038.xml
128,Kollaboratives Annotieren literarischer Texte,"Kollaboratives Annotierenliterarischer Texte,janina.jacke@uni-hamburg.deUniversität Hamburg, Deutsch",Kollaboratives Annotieren literarischer Texte,conferences\DHd2016\pdf_einzeln\vortraege-039.pdf,conferences\DHd2016\xml\vortraege-039.xml
129,Attribuierung direkter Reden in deutschen Romanen des 18.-20. Jahrhunderts. Methoden zur Bestimmung des Sprechers und des Angesprochenen,Attribuierung direkter Redenin deutschen Romanendes 18.-20. Jahrhunderts.Methoden zur Bestimmungdes ,Attribuierung direkter Reden in deutschen Romanen des 18.-20. Jahrhunderts. Methoden zur Bestimmung des Sprechers und des Angesprochenen,conferences\DHd2016\pdf_einzeln\vortraege-040.pdf,conferences\DHd2016\xml\vortraege-040.xml
130,DiaCollo: diachronen Kollokationen auf der Spur,"DiaCollo: diachronenKollokationen auf der Spur,jurish@bbaw.deBerlin-Brandenburg Akademie der Wissens",DiaCollo: diachronen Kollokationen auf der Spur,conferences\DHd2016\pdf_einzeln\vortraege-041.pdf,conferences\DHd2016\xml\vortraege-041.xml
131,Bearbeitung und Annotation historischer Texte mittels Graph-Datenbanken am Beispiel der Chronik des Matthias von Edessa,Bearbeitung und Annotationhistorischer Texte mittelsGraph-Datenbanken amBeispiel der Chronik desMatt,Bearbeitung und Annotation historischer Texte mittels Graph-Datenbanken am Beispiel der Chronik des Matthias von Edessa ,conferences\DHd2016\pdf_einzeln\vortraege-042.pdf,conferences\DHd2016\xml\vortraege-042.xml
132,Kafkas Stil. Zur Psychostilistik der Tagebücher Kafkas,"Kafkas Stil. ZurPsychostilistik derTagebücher Kafkas,glauer@gwdg.deUniversität Göttingen, Deutschlan",Kafkas Stil. Zur Psychostilistik der Tagebücher Kafkas,conferences\DHd2016\pdf_einzeln\vortraege-043.pdf,conferences\DHd2016\xml\vortraege-043.xml
133,Digitale Workflows in Langzeitprojekten am Beispiel einer Infrastruktur zur Dokumentation indigener nordeurasischer Sprachen (INEL),Digitale Workflows inLangzeitprojekten amBeispiel einer Infrastrukturzur Dokumentationindigener nord,Digitale Workflows in Langzeitprojekten am Beispiel einer Infrastruktur zur Dokumentation indigener nordeurasischer Sprachen (INEL),conferences\DHd2016\pdf_einzeln\vortraege-044.pdf,conferences\DHd2016\xml\vortraege-044.xml
134,Die Lehre der digitalen Visualisierung am Beispiel der Architektur,"Die Lehre der digitalenVisualisierung am Beispielder Architektur,lengyel@tu-cottbus.deBrandenburgisc",Die Lehre der digitalen Visualisierung am Beispiel der Architektur,conferences\DHd2016\pdf_einzeln\vortraege-045.pdf,conferences\DHd2016\xml\vortraege-045.xml
135,Sprache als Netz: Diagnostik durch Visualisierung,"Sprache als Netz: Diagnostikdurch Visualisierung,Meindl@em.uni-frankfurt.deGoethe-Universität Frankf",Sprache als Netz: Diagnostik durch Visualisierung,conferences\DHd2016\pdf_einzeln\vortraege-046.pdf,conferences\DHd2016\xml\vortraege-046.xml
136,A Visual Approach to the History of Swiss Federal Law,"A Visual Approach to theHistory of Swiss FederalLaw,Andre.Ourednik@bar.admin.chSchweizer Bundesarchi",A Visual Approach to the History of Swiss Federal Law,conferences\DHd2016\pdf_einzeln\vortraege-047.pdf,conferences\DHd2016\xml\vortraege-047.xml
137,LERA - Explorative Analyse komplexer Textvarianten in Editionsphilologie und Diskursanalyse,"LERA - Explorative Analysekomplexer Textvariantenin Editionsphilologie undDiskursanalyse,susanne.sch", LERA - Explorative Analyse komplexer Textvarianten in Editionsphilologie und Diskursanalyse ,conferences\DHd2016\pdf_einzeln\vortraege-048.pdf,conferences\DHd2016\xml\vortraege-048.xml
138,Classification of Literary Subgenres,"Classification of LiterarySubgenres,lena.hettinger@uni-wuerzburg.deUniversität Würzburg, Deutschland",Classification of Literary Subgenres,conferences\DHd2016\pdf_einzeln\vortraege-049.pdf,conferences\DHd2016\xml\vortraege-049.xml
139,Der falsche Quijote? Autorschaftsattribution für spanische Prosa der frühen Neuzeit.,"Der falsche Quijote?Autorschaftsattribution fürspanische Prosa der frühenNeuzeit.,nanette.rissler-pi",Der falsche Quijote? Autorschaftsattribution für spanische Prosa der frühen Neuzeit.,conferences\DHd2016\pdf_einzeln\vortraege-051.pdf,conferences\DHd2016\xml\vortraege-051.xml
140,Korpushermeneutik - Ansatz und Werkzeug zur Analyse großer Textkorpora,"Korpushermeneutik - Ansatzund Werkzeug zur Analysegroßer Textkorpora,jan.ruediger@uni-kassel.deUnive",Korpushermeneutik - Ansatz und Werkzeug zur Analyse großer Textkorpora,conferences\DHd2016\pdf_einzeln\vortraege-052.pdf,conferences\DHd2016\xml\vortraege-052.xml
141,"Wer bist Du, Nutzer?","Wer bist Du, Nutzer?,fandrych@rz.uni-leipzig.deUniversität Leipzig, Deutschland,frick@ids-mannheim.d","Wer bist Du, Nutzer?",conferences\DHd2016\pdf_einzeln\vortraege-053.pdf,conferences\DHd2016\xml\vortraege-053.xml
142,"Geisteswissenschaft-liche Fachdatenrepositorien im Semantic Web. Modellierung, Vernetzung, Visualisierung.","Geisteswissenschaft-licheFachdatenrepositorienim Semantic Web.Modellierung, Vernetzung,Visualisierun","Geisteswissenschaft-liche Fachdatenrepositorien im Semantic Web. Modellierung, Vernetzung, Visualisierung.",conferences\DHd2016\pdf_einzeln\vortraege-054.pdf,conferences\DHd2016\xml\vortraege-054.xml
143,"Topic, Genre, Text","Topic, Genre, Text,christof.schoech@uni-wuerzburg.deUniversität Würzburg, Deutschland,ulrike.henny@u","Topic, Genre, Text",conferences\DHd2016\pdf_einzeln\vortraege-055.pdf,conferences\DHd2016\xml\vortraege-055.xml
144,Technical and social Infrastructures for the Humanities: The Example of the Dagaare-English-Cantonese Dictionary,Technical and socialInfrastructures for theHumanities: The Exampleof the Dagaare-English-Cantonese D,Technical and social Infrastructures for the Humanities: The Example of the Dagaare-English-Cantonese Dictionary,conferences\DHd2016\pdf_einzeln\vortraege-056.pdf,conferences\DHd2016\xml\vortraege-056.xml
145,Ein Facebook der anderen Art: Digitalisierte Epigraphiken als Quelle der Kulturforschung,"Ein Facebook der anderenArt: DigitalisierteEpigraphiken als Quelle derKulturforschung,ostreiter@nuk.",Ein Facebook der anderen Art: Digitalisierte Epigraphiken als Quelle der Kulturforschung ,conferences\DHd2016\pdf_einzeln\vortraege-057.pdf,conferences\DHd2016\xml\vortraege-057.xml
146,Usability in den Digital Humanities am Beispiel des LAUDATIO-Repositoriums,"Usability in den DigitalHumanities am Beispiel desLAUDATIO-Repositoriums,jstiller@mpiwg-berlin.mpg.d",Usability in den Digital Humanities am Beispiel des LAUDATIO-Repositoriums,conferences\DHd2016\pdf_einzeln\vortraege-058.pdf,conferences\DHd2016\xml\vortraege-058.xml
147,„Alles ist Wechselwirkung“ – auch in den Digital Humanities: Von ‘D‘ nach ‘H‘ und zurück durch Humboldts Kosmos-Vorträge (1827/28),„Alles ist Wechselwirkung“– auch in den DigitalHumanities: Von ‘D‘ nach‘H‘ und zurück durchHumboldts,„Alles ist Wechselwirkung“ – auch in den Digital Humanities: Von ‘D‘ nach ‘H‘ und zurück durch Humboldts Kosmos-Vorträge (1827/28),conferences\DHd2016\pdf_einzeln\vortraege-059.pdf,conferences\DHd2016\xml\vortraege-059.xml
148,Dramen als small worlds? Netzwerkdaten zur Geschichte und Typologie deutschsprachiger Dramen 1730-1930,"Dramen als small worlds?Netzwerkdaten zurGeschichte und Typologiedeutschsprachiger Dramen1730-1930,t", Dramen als small worlds? Netzwerkdaten zur Geschichte und Typologie deutschsprachiger Dramen 1730-1930 ,conferences\DHd2016\pdf_einzeln\vortraege-060.pdf,conferences\DHd2016\xml\vortraege-060.xml
149,Ein Mehrebenen-Tagging-Modell für die Annotation altäthiopischer Texte,"Ein Mehrebenen-Tagging-Modell für die Annotationaltäthiopischer Texte,cristina.vertan@uni-hamburg.de",Ein Mehrebenen-Tagging-Modell für die Annotation altäthiopischer Texte,conferences\DHd2016\pdf_einzeln\vortraege-061.pdf,conferences\DHd2016\xml\vortraege-061.xml
150,Emosaic – Visualisierung von Emotionen in Texten durch Farbumwandlung zur Analyse und Exploration,"Emosaic – Visualisierungvon Emotionen in Textendurch Farbumwandlung zurAnalyse und Exploration,marti",Emosaic – Visualisierung von Emotionen in Texten durch Farbumwandlung zur Analyse und Exploration,conferences\DHd2016\pdf_einzeln\vortraege-062.pdf,conferences\DHd2016\xml\vortraege-062.xml
151,"Komponisten-Datenbanken / -Portale: Entwicklungsmöglich-keiten, Austauschformate und Vernetzungspotential","Komponisten-Datenbanken / -Portale:Entwicklungsmöglich-keiten, Austauschformateund Vernetzungspotent","Komponisten-Datenbanken / -Portale: Entwicklungsmöglich-keiten, Austauschformate und Vernetzungspotential",conferences\DHd2016\pdf_einzeln\workshops-001.pdf,conferences\DHd2016\xml\workshops-001.xml
152,Wissenschaftliches Bloggen bei de.hypotheses.org,"Wissenschaftliches Bloggenbei de.hypotheses.org,mkoenig@dhi-paris.frDeutsches Historisches Institut ",Wissenschaftliches Bloggen bei de.hypotheses.org,conferences\DHd2016\pdf_einzeln\workshops-002.pdf,conferences\DHd2016\xml\workshops-002.xml
153,nodegoat Workshop: Einführung in die Nutzung einer multifunktionalen webbasierten Datenbankapplikation für Geisteswissenschaftler,nodegoat Workshop:Einführung in die Nutzungeiner multifunktionalenwebbasiertenDatenbankapplikation f,nodegoat Workshop: Einführung in die Nutzung einer multifunktionalen webbasierten Datenbankapplikation für Geisteswissenschaftler,conferences\DHd2016\pdf_einzeln\workshops-003.pdf,conferences\DHd2016\xml\workshops-003.xml
154,Entwicklung und Nutzung interdisziplinärer Repositorien für historische textbasierte Korpora,"Entwicklung undNutzung interdisziplinärerRepositorien für historischetextbasierte Korpora,carolin.od",Entwicklung und Nutzung interdisziplinärer Repositorien für historische textbasierte Korpora ,conferences\DHd2016\pdf_einzeln\workshops-004.pdf,conferences\DHd2016\xml\workshops-004.xml
155,CATMA - Eine Plattform zum kollaborativen und automatisierten Annotieren und Analysieren von Texten,"CATMA - Eine Plattformzum kollaborativen undautomatisierten Annotierenund Analysieren von Texten,tho",CATMA - Eine Plattform zum kollaborativen und automatisierten Annotieren und Analysieren von Texten,conferences\DHd2016\pdf_einzeln\workshops-005.pdf,conferences\DHd2016\xml\workshops-005.xml
156,Crossmediales Publizieren mit TUSTEP – ein Workshop der International TUSTEP User Group,"Crossmediales Publizierenmit TUSTEP – einWorkshop der InternationalTUSTEP User Group,recker@uni-trie",Crossmediales Publizieren mit TUSTEP – ein Workshop der International TUSTEP User Group,conferences\DHd2016\pdf_einzeln\workshops-006.pdf,conferences\DHd2016\xml\workshops-006.xml
157,Visualisierungs-methoden und -instrumente für historische Quellenkorpora,"Visualisierungs-methodenund -instrumente fürhistorische Quellenkorpora,Torsten.Schrade@adwmainz.deAk",Visualisierungs-methoden und -instrumente für historische Quellenkorpora,conferences\DHd2016\pdf_einzeln\workshops-007.pdf,conferences\DHd2016\xml\workshops-007.xml
158,Es geht auch ohne Formeln – der Einsatz von TeX in den Digital Humanities am Beispiel kritischer Editionen,Es geht auch ohne Formeln– der Einsatz von TeX inden Digital Humanities amBeispiel kritischer Editio,Es geht auch ohne Formeln – der Einsatz von TeX in den Digital Humanities am Beispiel kritischer Editionen,conferences\DHd2016\pdf_einzeln\workshops-008.pdf,conferences\DHd2016\xml\workshops-008.xml
159,TextGrid und DARIAH-DE: Forschungsumgebung und Infrastruktur für die Geisteswissenschaften,"TextGrid und DARIAH-DE: Forschungsumgebungund Infrastruktur für dieGeisteswissenschaften,vanscheidt@",TextGrid und DARIAH-DE: Forschungsumgebung und Infrastruktur für die Geisteswissenschaften,conferences\DHd2016\pdf_einzeln\workshops-009.pdf,conferences\DHd2016\xml\workshops-009.xml
