{"metadata": {"upload_type": "publication", "publication_type": "conferencepaper", "publication_date": "2020-02-20", "title": "Geisteswissenschaftliches Forschungsdatenmanagement in der Lehre \u2013 Konzepte, Methoden, Erfahrungen", "creators": [{"name": "Blumtritt, Jonathan", "affiliation": "Universit\u00e4t zu K\u00f6ln, Cologne Center for eHumanities (CCeH); Universit\u00e4t zu K\u00f6ln, Data Center for the Humanities (DCH)"}, {"name": "Helling, Patrick", "affiliation": "Universit\u00e4t zu K\u00f6ln, Data Center for the Humanities (DCH); Universit\u00e4t zu K\u00f6ln, Institut f\u00fcr Digital Humanities (IDH)"}, {"name": "Mathiak, Brigitte", "affiliation": "Universit\u00e4t zu K\u00f6ln, Data Center for the Humanities (DCH); Universit\u00e4t zu K\u00f6ln, Institut f\u00fcr Digital Humanities (IDH)"}, {"name": "Neuefeind, Claes", "affiliation": "Universit\u00e4t zu K\u00f6ln, Cologne Center for eHumanities (CCeH); Universit\u00e4t zu K\u00f6ln, Data Center for the Humanities (DCH)"}, {"name": "Rau, Felix", "affiliation": "Universit\u00e4t zu K\u00f6ln, Data Center for the Humanities (DCH); Universit\u00e4t zu K\u00f6ln, Institut f\u00fcr Linguistik (IfL)"}, {"name": "Schildkamp, Philip", "affiliation": "Universit\u00e4t zu K\u00f6ln, Data Center for the Humanities (DCH)"}, {"name": "Wieners, Jan Gerrit", "affiliation": "Universit\u00e4t zu K\u00f6ln, Institut f\u00fcr Digital Humanities (IDH)"}], "description": "A single abstract from the DHd-2020 Book of Abstracts.", "access_right": "open", "license": "cc-by", "doi": "", "keywords": [], "contributors": [{"name": "Sch\u00f6ch, Christof", "affiliation": "Lehrstuhl f\u00fcr Digital Humanities, Universit\u00e4t Trier", "type": "Editor"}, {"name": "Helling, Patrick", "affiliation": "Digital Humanities im deutschsprachigen Raum e.V.", "type": "Editor"}], "communities": [{"identifier": "dhd"}], "conference_title": "DHd 2020 Spielr\u00e4ume: Digital Humanities zwischen Modellierung und Interpretation. 7. Tagung des Verbands \"Digital Humanities im deutschsprachigen Raum\"", "conference_acronym": "DHd 2020", "conference_dates": "02.03.2020 - 06.03.2020", "conference_place": "Paderborn", "conference_url": "https://www.dhd2020.dig-hum.de/"}}