,Title in metadata,Bundle name,Pdf file,XML file
0,Neue Wahlverwandtschaften,ALTHOF_Daniel__Neue_Wahlverwandtschaften,ALTHOF_Daniel__Neue_Wahlverwandtschaften.pdf,ALTHOF_Daniel__Neue_Wahlverwandtschaften.xml
1,TEIHencer - Enhance your TEI-Documents,ANDORFER_Peter_TEIHencer___Enhance_your_TEI_Documents,ANDORFER_Peter_TEIHencer___Enhance_your_TEI_Documents.pdf,ANDORFER_Peter_TEIHencer___Enhance_your_TEI_Documents.xml
2,Sprachliche Variation in der Germanistik: eine n-Gramm-basierte Stilanalyse,ANDRESEN_Melanie_Sprachliche_Variation_in_der_Germanistik__e,ANDRESEN_Melanie_Sprachliche_Variation_in_der_Germanistik__e.pdf,ANDRESEN_Melanie_Sprachliche_Variation_in_der_Germanistik__e.xml
3,Positivistischer Methodenfetischismus als Anathema der digitalen Geisteswissenschaften,ARNOLD_Eckhart_Positivistischer_Methodenfetischismus_als_Ana,ARNOLD_Eckhart_Positivistischer_Methodenfetischismus_als_Ana.pdf,ARNOLD_Eckhart_Positivistischer_Methodenfetischismus_als_Ana.xml
4,Reisewege in Raum und Zeit,ASCHAUER_Anna_Reisewege_in_Raum_und_Zeit,ASCHAUER_Anna_Reisewege_in_Raum_und_Zeit.pdf,ASCHAUER_Anna_Reisewege_in_Raum_und_Zeit.xml
5,"Funktionale und deklarative Programmierung-basierte Methode für nachhaltige, reproduzierbare und verifizierbare Datenkuration.",BARABUCCI_Gioele__Funktionale_und_deklarative_Programmierung,BARABUCCI_Gioele__Funktionale_und_deklarative_Programmierung.pdf,BARABUCCI_Gioele__Funktionale_und_deklarative_Programmierung.xml
6,"SustainLife - Erhalt lebender, digitaler Systeme für die Geisteswissenschaften",BARZEN_Johanna_SustainLife___Erhalt_lebender__digitaler_Syst,BARZEN_Johanna_SustainLife___Erhalt_lebender__digitaler_Syst.pdf,BARZEN_Johanna_SustainLife___Erhalt_lebender__digitaler_Syst.xml
7,Was Lesende denken: Assoziationen zu Büchern in Sozialen Medien,BECK_Jens_Was_Lesende_denken__Assoziationen_zu_B_chern_in_So,BECK_Jens_Was_Lesende_denken__Assoziationen_zu_B_chern_in_So.pdf,BECK_Jens_Was_Lesende_denken__Assoziationen_zu_B_chern_in_So.xml
8,Personen- und Figurennetzwerke in Fernando Pessoas Publikationsplänen,BIGALKE_Ben_Personen__und_Figurennetzwerke_in_Fernando_Pesso,BIGALKE_Ben_Personen__und_Figurennetzwerke_in_Fernando_Pesso.pdf,BIGALKE_Ben_Personen__und_Figurennetzwerke_in_Fernando_Pesso.xml
9,Endstation Digital?! Herausforderung Metadaten und Nachhaltigkeit in musikwissenschaftlichen Datenbanken,BLANKEN_Christine_Endstation_Digital___Herausforderung_Metad,BLANKEN_Christine_Endstation_Digital___Herausforderung_Metad.pdf,BLANKEN_Christine_Endstation_Digital___Herausforderung_Metad.xml
10,NLP meets RegNLP meets Regesta Imperii,BLESSING_Andre_NLP_meets_RegNLP_meets_Regesta_Imperii,BLESSING_Andre_NLP_meets_RegNLP_meets_Regesta_Imperii.pdf,BLESSING_Andre_NLP_meets_RegNLP_meets_Regesta_Imperii.xml
11,Nutzerunterstützung und neueste Entwicklungen in Forschungsdatenreposi- torien für audiovisuelle (Sprach-)Daten,BLUMTRITT_Jonathan_Nutzerunterst_tzung_und_neueste_Entwicklu,BLUMTRITT_Jonathan_Nutzerunterst_tzung_und_neueste_Entwicklu.pdf,BLUMTRITT_Jonathan_Nutzerunterst_tzung_und_neueste_Entwicklu.xml
12,Ground Truth: Grundwahrheit oder Ad-Hoc-Lösung? Wo stehen die Digital Humanities?,BOENIG_Matthias_Ground_Truth__Grundwahrheit_oder_Ad_Hoc_L_su,BOENIG_Matthias_Ground_Truth__Grundwahrheit_oder_Ad_Hoc_L_su.pdf,BOENIG_Matthias_Ground_Truth__Grundwahrheit_oder_Ad_Hoc_L_su.xml
13,Data models for Digital Editions: Complex XML versus Graph structures,BRUDER_Daniel_Datenmodelle_zur_digitalen_Texterfassung__Comp,BRUDER_Daniel_Datenmodelle_zur_digitalen_Texterfassung__Comp.pdf,BRUDER_Daniel_Datenmodelle_zur_digitalen_Texterfassung__Comp.xml
14,Projektvorstellung – Redewiedergabe. Eine literatur- und sprachwissenschaftliche Korpusanalyse,BRUNNER_Annelen_Projektvorstellung___Redewiedergabe__Eine_li,BRUNNER_Annelen_Projektvorstellung___Redewiedergabe__Eine_li.pdf,BRUNNER_Annelen_Projektvorstellung___Redewiedergabe__Eine_li.xml
15,Wissenschaft ohne Geist: Herausforderungen der Digital Humanities am Beispiel der Korpuslinguistik,BUBENHOFER_Noah_Wissenschaft_ohne_Geist__Herausforderungen_d,BUBENHOFER_Noah_Wissenschaft_ohne_Geist__Herausforderungen_d.pdf,BUBENHOFER_Noah_Wissenschaft_ohne_Geist__Herausforderungen_d.xml
16,Schlüsseldokumente zur deutsch-jüdischen Geschichte: Eine digitale Edition des Instituts für die Geschichte der deutschen Juden,BURCKHARDT_Daniel_Schl_sseldokumente_zur_deutsch_j_dischen_G,BURCKHARDT_Daniel_Schl_sseldokumente_zur_deutsch_j_dischen_G.pdf,BURCKHARDT_Daniel_Schl_sseldokumente_zur_deutsch_j_dischen_G.xml
17,Computergestützte Film- und Videoanalyse,BURGHARDT_Manuel_Computergest_tzte_Film__und_Videoanalyse,BURGHARDT_Manuel_Computergest_tzte_Film__und_Videoanalyse.pdf,BURGHARDT_Manuel_Computergest_tzte_Film__und_Videoanalyse.xml
18,Digital Dylan – Computergestützte Analyse der Liedtexte von Bob Dylan (1962 – 2016),BURGHARDT_Manuel_Digital_Dylan___Computergest_tzte_Analyse_d,BURGHARDT_Manuel_Digital_Dylan___Computergest_tzte_Analyse_d.pdf,BURGHARDT_Manuel_Digital_Dylan___Computergest_tzte_Analyse_d.xml
19,"""Kinder des Buchdrucks"" im Digitalen Zeitalter. Ein romanistisches Digital Humanities Modul",BURR_Elisabeth__Kinder_des_Buchdrucks__im_Digitalen_Zeitalte,BURR_Elisabeth__Kinder_des_Buchdrucks__im_Digitalen_Zeitalte.pdf,BURR_Elisabeth__Kinder_des_Buchdrucks__im_Digitalen_Zeitalte.xml
20,Auf der Suche nach der verlorenen Materialität. Kodikologie und Restaurierungswissen-schaft im Zeitalter der (Massen-) Digitalisierung.,BUSCH_Hannah_Auf_der_Suche_nach_der_verlorenen_Materialit_t_,BUSCH_Hannah_Auf_der_Suche_nach_der_verlorenen_Materialit_t_.pdf,BUSCH_Hannah_Auf_der_Suche_nach_der_verlorenen_Materialit_t_.xml
21,„Software Aging“ in den DH: Kritik des reinen Forschungswillen,B_RGERMEISTER_Martina__Software_Aging__in_den_DH__Kritik_des,B_RGERMEISTER_Martina__Software_Aging__in_den_DH__Kritik_des.pdf,B_RGERMEISTER_Martina__Software_Aging__in_den_DH__Kritik_des.xml
22,Cäsar Flaischlens „Graphische Litteratur-Tafel“ – digitale Erschließung einer großformatigen Karte zur Deutschen Literatur,B_RNER_Ingo_C_sar_Flaischlens__Graphische_Litteratur_Tafel__,B_RNER_Ingo_C_sar_Flaischlens__Graphische_Litteratur_Tafel__.pdf,B_RNER_Ingo_C_sar_Flaischlens__Graphische_Litteratur_Tafel__.xml
23,Wahrnehmung und digitale Mustererkennung am Beispiel antiker Terrakottastatuetten,B_TTGER_Lucie_Wahrnehmung_und_digitale_Mustererkennung_am_Be,B_TTGER_Lucie_Wahrnehmung_und_digitale_Mustererkennung_am_Be.pdf,B_TTGER_Lucie_Wahrnehmung_und_digitale_Mustererkennung_am_Be.xml
24,Universal Morphology zwischen Sprachtechnologie und Sprachwissenschaft: Sprachressourcen für Kaukasussprachen,CHIARCOS_Christian_Universal_Morphology_zwischen_Sprachtechn,CHIARCOS_Christian_Universal_Morphology_zwischen_Sprachtechn.pdf,CHIARCOS_Christian_Universal_Morphology_zwischen_Sprachtechn.xml
25,erschließen - verknüpfen - finden: Forschungsdaten im Digitalen Wissensspeicher,CZMIEL_Alexander_erschlie_en___verkn_pfen___finden__Forschun,CZMIEL_Alexander_erschlie_en___verkn_pfen___finden__Forschun.pdf,CZMIEL_Alexander_erschlie_en___verkn_pfen___finden__Forschun.xml
26,Professionalisierung der Ausbildung von Geisteswissenschaftlern in der Digitalisierung von Texten,DAHNKE_Michael__Professionalisierung_der_Ausbildung_von_Geis,DAHNKE_Michael__Professionalisierung_der_Ausbildung_von_Geis.pdf,DAHNKE_Michael__Professionalisierung_der_Ausbildung_von_Geis.xml
27,Formalisierung von Märchen,DECLERCK_Thierry_Formalisierung_von_M_rchen,DECLERCK_Thierry_Formalisierung_von_M_rchen.pdf,DECLERCK_Thierry_Formalisierung_von_M_rchen.xml
28,Die guten ins Töpfchen: Zur Anwendbarkeit von Burrows’ Delta bei kurzen mittelhochdeutschen Texten nebst eines Attributionstests zu Konrads ‚Halber Birne‘,DIMPEL_Friedrich_Michael_Die_guten_ins_T_pfchen__Zur_Anwendb,DIMPEL_Friedrich_Michael_Die_guten_ins_T_pfchen__Zur_Anwendb.pdf,DIMPEL_Friedrich_Michael_Die_guten_ins_T_pfchen__Zur_Anwendb.xml
29,Bildanalyse durch Distant Viewing - zur Identifizierung von klassizistischem Mobiliar in Interieurdarstellungen.,DONIG_Simon_Bildanalyse_durch_Distant_Viewing___zur_Identifi,DONIG_Simon_Bildanalyse_durch_Distant_Viewing___zur_Identifi.pdf,DONIG_Simon_Bildanalyse_durch_Distant_Viewing___zur_Identifi.xml
30,Der ferne Blick. Bildkorpora und Computer Vision in den Geistes- und Kulturwissenschaften - Stand - Visionen - Implikationen,DONIG_Simon__Der_ferne_Blick__Bildkorpora_und_Computer_Visio,DONIG_Simon__Der_ferne_Blick__Bildkorpora_und_Computer_Visio.pdf,DONIG_Simon__Der_ferne_Blick__Bildkorpora_und_Computer_Visio.xml
31,Nachnutzbarmachung von Forschungsdaten und Tools am Beispiel altäthiopischer Korpora,DRUSKAT_Stephan_Nachnutzbarmachung_von_Forschungsdaten_und_T,DRUSKAT_Stephan_Nachnutzbarmachung_von_Forschungsdaten_und_T.pdf,DRUSKAT_Stephan_Nachnutzbarmachung_von_Forschungsdaten_und_T.xml
32,Ein Brief – zwei Perspektiven. Stellenkommentare in digitalen Briefeditionen über APIs austauschen,DUMONT_Stefan_Ein_Brief___zwei_Perspektiven__Stellenkommenta,DUMONT_Stefan_Ein_Brief___zwei_Perspektiven__Stellenkommenta.pdf,DUMONT_Stefan_Ein_Brief___zwei_Perspektiven__Stellenkommenta.xml
33,Hin zu einer Visuellen Stilometrie: Automatische Genre- und Autorunterscheidung in graphischen Narrativen,DUNST_Alexander_Hin_zu_einer_Visuellen_Stilometrie__Automati,DUNST_Alexander_Hin_zu_einer_Visuellen_Stilometrie__Automati.pdf,DUNST_Alexander_Hin_zu_einer_Visuellen_Stilometrie__Automati.xml
34,Sentimentanalyse in unstrukturierten Texten (am Bsp. literaturgeschichtlicher Rezeptionsanalyse),DU_Keli_Sentimentanalyse_in_unstrukturierten_Texten__am_Bsp_,DU_Keli_Sentimentanalyse_in_unstrukturierten_Texten__am_Bsp_.pdf,DU_Keli_Sentimentanalyse_in_unstrukturierten_Texten__am_Bsp_.xml
35,Vom geschützt zugänglichen Datenbankverbund zur offenen Editions- und Forschungsplattform: kritischer Rückblick auf halber Strecke,D_NGELI_Peter_Von_der_geschlossenen_Forschungsdatenbank_zur_,D_NGELI_Peter_Von_der_geschlossenen_Forschungsdatenbank_zur_.pdf,D_NGELI_Peter_Von_der_geschlossenen_Forschungsdatenbank_zur_.xml
36,Der Sammlung gerecht werden: Kritisch-generative Methoden zur Konzeption experimenteller Visualisierungen,D_RK_Marian_Der_Sammlung_gerecht_werden__Kritisch_generative,D_RK_Marian_Der_Sammlung_gerecht_werden__Kritisch_generative.pdf,D_RK_Marian_Der_Sammlung_gerecht_werden__Kritisch_generative.xml
37,Modellieren durch mediale Transformation: Das Theater Brechts in der virtuellen Realität,EIDE__yvind_Modellieren_durch_mediale_Transformation__Das_Th,EIDE__yvind_Modellieren_durch_mediale_Transformation__Das_Th.pdf,EIDE__yvind_Modellieren_durch_mediale_Transformation__Das_Th.xml
38,Critical Digital Cultural Studies: Digitale Kulturwissenschaft und die Kritik des Mem-Begriffs,ERNST_Thomas_Critical_Digital_Cultural_Studies__Digitale_Kul,ERNST_Thomas_Critical_Digital_Cultural_Studies__Digitale_Kul.pdf,ERNST_Thomas_Critical_Digital_Cultural_Studies__Digitale_Kul.xml
39,Eine nachhaltige Präsentationsschicht für digitale Editionen,FECHNER_Martin_Eine_nachhaltige_Pr_sentationsschicht_f_r_dig,FECHNER_Martin_Eine_nachhaltige_Pr_sentationsschicht_f_r_dig.pdf,FECHNER_Martin_Eine_nachhaltige_Pr_sentationsschicht_f_r_dig.xml
40,Von Drupal 8 zur virtuellen Forschungsumgebung - Der WissKI-Ansatz,FICHTNER_Mark_Von_Drupal_8_zur_virtuellen_Forschungsumgebung,FICHTNER_Mark_Von_Drupal_8_zur_virtuellen_Forschungsumgebung.pdf,FICHTNER_Mark_Von_Drupal_8_zur_virtuellen_Forschungsumgebung.xml
41,Netzwerkanalytischer Blick auf die Dramen Anton Tschechows,FISCHER_Frank_Netzwerkanalytischer_Blick_auf_die_Dramen_Anto,FISCHER_Frank_Netzwerkanalytischer_Blick_auf_die_Dramen_Anto.pdf,FISCHER_Frank_Netzwerkanalytischer_Blick_auf_die_Dramen_Anto.xml
42,Liebe und Tod in der Deutschen Nationalbibliothek Der DNB-Katalog als Forschungsobjekt der digitalen Literaturwissenschaft,FISCHER_Frank__Liebe_und_Tod_in_der_Deutschen_Nationalbiblio,FISCHER_Frank__Liebe_und_Tod_in_der_Deutschen_Nationalbiblio.pdf,FISCHER_Frank__Liebe_und_Tod_in_der_Deutschen_Nationalbiblio.xml
43,Digitale Vernunft zwischen Text und Diagramm Digital Mapmaking als Hilfsmittel zur Erklärung historischer Ereignisse,FRANK_Ingo_Digitale_Vernunft_zwischen_Text_und_Diagramm,FRANK_Ingo_Digitale_Vernunft_zwischen_Text_und_Diagramm.pdf,FRANK_Ingo_Digitale_Vernunft_zwischen_Text_und_Diagramm.xml
44,Digital Medievalist: A Web Community for Medievalists working with Digital Media,FRANZINI_Greta_Digital_Medievalist__A_Web_Community_for_Medi,FRANZINI_Greta_Digital_Medievalist__A_Web_Community_for_Medi.pdf,FRANZINI_Greta_Digital_Medievalist__A_Web_Community_for_Medi.xml
45,Digitale Bildrepositorien – wirkliche Arbeitserleichterung oder zeitraubend?,FRIEDRICHS_Kristina_Digitale_Bildrepositorien___wirkliche_Ar,FRIEDRICHS_Kristina_Digitale_Bildrepositorien___wirkliche_Ar.pdf,FRIEDRICHS_Kristina_Digitale_Bildrepositorien___wirkliche_Ar.xml
46,Kritik der Digitalität (am Beispiel der digitalen Textwissenschaft),GARC_S_Juan_Kritik_der_Digitalit_t__am_Beispiel_der_digitale,GARC_S_Juan_Kritik_der_Digitalit_t__am_Beispiel_der_digitale.pdf,GARC_S_Juan_Kritik_der_Digitalit_t__am_Beispiel_der_digitale.xml
47,Aus erster Hand – 3000 Jahre Kursivschrift der Pharaonenzeit digital analysiert,GERHARDS_Simone_Aus_erster_Hand___3000_Jahre_Kursivschrift_d,GERHARDS_Simone_Aus_erster_Hand___3000_Jahre_Kursivschrift_d.pdf,GERHARDS_Simone_Aus_erster_Hand___3000_Jahre_Kursivschrift_d.xml
48,hermA. Zur Rolle von Annotationen in hermeneutischen Prozessen,GIUS_Evelyn_hermA__Zur_Rolle_von_Annotationen_in_hermeneutis,GIUS_Evelyn_hermA__Zur_Rolle_von_Annotationen_in_hermeneutis.pdf,GIUS_Evelyn_hermA__Zur_Rolle_von_Annotationen_in_hermeneutis.xml
49,"An den Grenzen der Interoperabilität: Eine kritische Reflexion über digitale Forschungsdaten und -anwendungen in der Online-Edition des Projekts ""Die Schule von Salamanca""",GL_CK_David_An_den_Grenzen_der_Interoperabilit_t__Eine_kriti,GL_CK_David_An_den_Grenzen_der_Interoperabilit_t__Eine_kriti.pdf,GL_CK_David_An_den_Grenzen_der_Interoperabilit_t__Eine_kriti.xml
50,musilonline - integral lösen. Dialogfeld Digitale Edition,GODLER_Katharina_musilonline___integral_l_sen__Dialogfeld_Di,GODLER_Katharina_musilonline___integral_l_sen__Dialogfeld_Di.pdf,GODLER_Katharina_musilonline___integral_l_sen__Dialogfeld_Di.xml
51,Digitale Differenz. Luhmanns Zettelkasten als physisch-historisches Objekt und als vernetzter Navigationsraum,GOEDEL_Martina_Digitale_Differenz__Luhmanns_Zettelkasten_als,GOEDEL_Martina_Digitale_Differenz__Luhmanns_Zettelkasten_als.pdf,GOEDEL_Martina_Digitale_Differenz__Luhmanns_Zettelkasten_als.xml
52,Ist die DARIAH-DE Forschungsinfrastruktur fit für Daten der realen Welt? Bericht über einen Anwendungsfall mit archäologischen Daten und seine ersten Ergebnisse,GRADL_Tobias_Ist_die_DARIAH_DE_Forschungsinfrastruktur_fit_f,GRADL_Tobias_Ist_die_DARIAH_DE_Forschungsinfrastruktur_fit_f.pdf,GRADL_Tobias_Ist_die_DARIAH_DE_Forschungsinfrastruktur_fit_f.xml
53,Vagheit hoch Zweifel plus Kritik! Die Bewertung von Widersprüchen in einer digitalen Entzifferungsarbeit der Maya-Hieroglyphen,GRONEMEYER_Sven_Vagheit_hoch_Zweifel_plus_Kritik__Die_Bewert,GRONEMEYER_Sven_Vagheit_hoch_Zweifel_plus_Kritik__Die_Bewert.pdf,GRONEMEYER_Sven_Vagheit_hoch_Zweifel_plus_Kritik__Die_Bewert.xml
54,Interpretation und Unschärfe bei der semantischen Erschließung von historischen Quellen,GROSSE_Peggy_Interpretation_und_Unsch_rfe_bei_der_semantisch,GROSSE_Peggy_Interpretation_und_Unsch_rfe_bei_der_semantisch.pdf,GROSSE_Peggy_Interpretation_und_Unsch_rfe_bei_der_semantisch.xml
55,Perspektiven auf ein Korpus. Kombinationen quantitativ-qualitativer Analysemethoden zur Ermittlung von Textgliederungsprinzipien,HAAF_Susanne__Perspektiven_auf_ein_Korpus__Kombinationen_qua,HAAF_Susanne__Perspektiven_auf_ein_Korpus__Kombinationen_qua.pdf,HAAF_Susanne__Perspektiven_auf_ein_Korpus__Kombinationen_qua.xml
56,Menschen gendern? Einige Gedanken über Datenmodellierung zur Erhebung von Geschlechterverteilung anhand der TEI2016 Abstracts App,HANNESSCHL_GER_Vanessa_Menschen_gendern__Einige_Gedanken__be,HANNESSCHL_GER_Vanessa_Menschen_gendern__Einige_Gedanken__be.pdf,HANNESSCHL_GER_Vanessa_Menschen_gendern__Einige_Gedanken__be.xml
57,Verhaltensmuster in Massendiskursen: Ein Opinion Dynamics - Modell,HECKELEN_Malte_Lars_Verhaltensmuster_in_Massendiskursen__Ein,HECKELEN_Malte_Lars_Verhaltensmuster_in_Massendiskursen__Ein.pdf,HECKELEN_Malte_Lars_Verhaltensmuster_in_Massendiskursen__Ein.xml
58,Sechs Wege der FRBRisierung von Textverknüpfungen,HELLING_Patrick_Sechs_Wege_der_FRBRisierung_von_Textverkn_pf,HELLING_Patrick_Sechs_Wege_der_FRBRisierung_von_Textverkn_pf.pdf,HELLING_Patrick_Sechs_Wege_der_FRBRisierung_von_Textverkn_pf.xml
59,Wenn der Funke überspringt – Word Embeddings im Dienst der Wissenschaftsgeschichte,HELLRICH_Johannes__Wenn_der_Funke__berspringt___Word_Embeddi,HELLRICH_Johannes__Wenn_der_Funke__berspringt___Word_Embeddi.pdf,HELLRICH_Johannes__Wenn_der_Funke__berspringt___Word_Embeddi.xml
60,Alternative Gattungstheorien: Das Prototypenmodell am Beispiel hispanoamerikanischer Romane,HENNY_KRAHMER_Ulrike_Alternative_Gattungstheorien__Das_Proto,HENNY_KRAHMER_Ulrike_Alternative_Gattungstheorien__Das_Proto.pdf,HENNY_KRAHMER_Ulrike_Alternative_Gattungstheorien__Das_Proto.xml
61,Praktische Tagger-Kritik. Zur Evaluation des POS-Tagging des Deutschen Textarchivs,HERRMANN_J__Berenike_Praktische_Tagger_Kritik__Zur_Evaluatio,HERRMANN_J__Berenike_Praktische_Tagger_Kritik__Zur_Evaluatio.pdf,HERRMANN_J__Berenike_Praktische_Tagger_Kritik__Zur_Evaluatio.xml
62,Die Angst vor dem „Elektronengehirn“: Topoi der Kybernetik-Kritik in der bundesdeutschen Nachkriegsphilosophie,HESSBR_GGEN_WALTER_Stefan__Die_Angst_vor_dem__Elektronengehi,HESSBR_GGEN_WALTER_Stefan__Die_Angst_vor_dem__Elektronengehi.pdf,HESSBR_GGEN_WALTER_Stefan__Die_Angst_vor_dem__Elektronengehi.xml
63,Deutsche Geschichte-Digital: Ergebnisse der TEI-Konvertierung und Integration in Pilotprojekten,HIEBERT_Matthew_Deutsche_Geschichte_Digital__Ergebnisse_der_,HIEBERT_Matthew_Deutsche_Geschichte_Digital__Ergebnisse_der_.pdf,HIEBERT_Matthew_Deutsche_Geschichte_Digital__Ergebnisse_der_.xml
64,Automatic Text Recognition: Mit Transkribus Texterkennung trainieren und anwenden,HODEL_Tobias_Automatic_Text_Recognition__Mit_Transkribus_Tex,HODEL_Tobias_Automatic_Text_Recognition__Mit_Transkribus_Tex.pdf,HODEL_Tobias_Automatic_Text_Recognition__Mit_Transkribus_Tex.xml
65,Konsequenzen automatischer Texterkennung – Ein Aufriss zur Texterkennung mit Machine Learning,HODEL_Tobias_Konsequenzen_automatischer_Texterkennung___Ein_,HODEL_Tobias_Konsequenzen_automatischer_Texterkennung___Ein_.pdf,HODEL_Tobias_Konsequenzen_automatischer_Texterkennung___Ein_.xml
66,Principles Aiding in Reading Abbreviations in OldGeorgian and Latin,HOENEN_Armin_Principles_Aiding_in_Reading_Abbreviations_in_O,HOENEN_Armin_Principles_Aiding_in_Reading_Abbreviations_in_O.pdf,HOENEN_Armin_Principles_Aiding_in_Reading_Abbreviations_in_O.xml
67,Science as a Service? Chancen und Limits von serviceorientierten Softwarearchitekturen für die Digital Humanities,HOFFMANN_Christoph_Science_as_a_Service_,HOFFMANN_Christoph_Science_as_a_Service_.pdf,HOFFMANN_Christoph_Science_as_a_Service_.xml
68,Semantische Extraktion auf antiken Schriften am Beispiel von Keilschriftsprachen mithilfe semantischer Wörterbücher,HOMBURG_Timo_Semantische_Extraktion_auf_antiken_Schriften_am,HOMBURG_Timo_Semantische_Extraktion_auf_antiken_Schriften_am.pdf,HOMBURG_Timo_Semantische_Extraktion_auf_antiken_Schriften_am.xml
69,BeWeB-3D – Zur Digitalisierung interaktiver Buchobjekte,HUG_Marius__BeWeB_3D___Zur_Digitalisierung_interaktiver_Buch,HUG_Marius__BeWeB_3D___Zur_Digitalisierung_interaktiver_Buch.pdf,HUG_Marius__BeWeB_3D___Zur_Digitalisierung_interaktiver_Buch.xml
70,Digital vs. Humanities. Didaktische Aufbereitung digitaler Methoden für die klassischen Geisteswissenschaften im Projekt forTEXT,JACKE_Janina_Digital_vs__Humanities__Didaktische_Aufbereitun,JACKE_Janina_Digital_vs__Humanities__Didaktische_Aufbereitun.pdf,JACKE_Janina_Digital_vs__Humanities__Didaktische_Aufbereitun.xml
71,CLARIN Legal Information Plattformen und Legal Helpdesk,KAMOCKI_Pawel_CLARIN_Legal_Information_Plattformen_und_Legal,KAMOCKI_Pawel_CLARIN_Legal_Information_Plattformen_und_Legal.pdf,KAMOCKI_Pawel_CLARIN_Legal_Information_Plattformen_und_Legal.xml
72,"Das neue ""Gesetz zur Angleichung des Urheberrechts an die aktuellen Erfordernisse der Wissensgesellschaft"" und seine Auswirkungen für Digital Humanities",KAMOCKI_Pawel_Das_neue__Gesetz_zur_Angleichung_des_Urheberre,KAMOCKI_Pawel_Das_neue__Gesetz_zur_Angleichung_des_Urheberre.pdf,KAMOCKI_Pawel_Das_neue__Gesetz_zur_Angleichung_des_Urheberre.xml
73,Entitäten im Fokus am Beispiel von Captivity Narratives,KESSLER_Linda_Entit_ten_im_Fokus_am_Beispiel_von_Captivity_N,KESSLER_Linda_Entit_ten_im_Fokus_am_Beispiel_von_Captivity_N.pdf,KESSLER_Linda_Entit_ten_im_Fokus_am_Beispiel_von_Captivity_N.xml
74,“Kann man da eben mal was eintragen und visualisieren?” Digitaler Praxistest für die DARIAH-DE-Infrastruktur,KLAFFKI_Lisa__Kann_man_da_eben_mal_was_eintragen_und_visuali,KLAFFKI_Lisa__Kann_man_da_eben_mal_was_eintragen_und_visuali.pdf,KLAFFKI_Lisa__Kann_man_da_eben_mal_was_eintragen_und_visuali.xml
75,Denkmalpflege in der DDR. Analoge Netzwerke digital – Chancen und Möglichkeiten,KLEMSTEIN_Franziska_Denkmalpflege_in_der_DDR__Analoge_Netzwe,KLEMSTEIN_Franziska_Denkmalpflege_in_der_DDR__Analoge_Netzwe.pdf,KLEMSTEIN_Franziska_Denkmalpflege_in_der_DDR__Analoge_Netzwe.xml
76,Perspektiven kritischer Interfaces für die Digital Humanities im 3DH-Projekt,KLEYMANN_Rabea_Perspektiven_kritischer_Interfaces_f_r_die_Di,KLEYMANN_Rabea_Perspektiven_kritischer_Interfaces_f_r_die_Di.pdf,KLEYMANN_Rabea_Perspektiven_kritischer_Interfaces_f_r_die_Di.xml
77,A Reporting Tool for Relational Visualization and Analysis of Character Mentions in Literature,KLINGER_Roman_A_Reporting_Tool_for_Relational_Visualization_,KLINGER_Roman_A_Reporting_Tool_for_Relational_Visualization_.pdf,KLINGER_Roman_A_Reporting_Tool_for_Relational_Visualization_.xml
78,Digitale Modellierung von Figurenkomplexität am Beispiel des Parzival von Wolfram von Eschenbach,KLINGER_Roman_Digitale_Modellierung_von_Figurenkomplexit_t_a,KLINGER_Roman_Digitale_Modellierung_von_Figurenkomplexit_t_a.pdf,KLINGER_Roman_Digitale_Modellierung_von_Figurenkomplexit_t_a.xml
79,Dokumentenarbeit mit hierarchisch strukturierten Texten: Eine historisch vergleichende Analyse von Verfassungen,KNOTH_Alexander_Dokumentenarbeit_mit_hierarchisch_strukturie,KNOTH_Alexander_Dokumentenarbeit_mit_hierarchisch_strukturie.pdf,KNOTH_Alexander_Dokumentenarbeit_mit_hierarchisch_strukturie.xml
80,Die illustrierte Postkarte und die digitalen Geisteswissenschaften – (Kulturerbe)objekt oder (Nachrichten)text,KOCH_Carina_Die_illustrierte_Postkarte_und_die_digitalen_Gei,KOCH_Carina_Die_illustrierte_Postkarte_und_die_digitalen_Gei.pdf,KOCH_Carina_Die_illustrierte_Postkarte_und_die_digitalen_Gei.xml
81,Analysing Direct Speech in German Novels,KONLE_Leonard_Analysing_Direct_Speech_in_German_Novels,KONLE_Leonard_Analysing_Direct_Speech_in_German_Novels.pdf,KONLE_Leonard_Analysing_Direct_Speech_in_German_Novels.xml
82,Memes produzieren digitale Gefühle: Die Simpsons deuten Trump-Mania(c),KOUMPIS_Adamantios_Memes_produzieren_digitale_Gef_hle__Die_S,KOUMPIS_Adamantios_Memes_produzieren_digitale_Gef_hle__Die_S.pdf,KOUMPIS_Adamantios_Memes_produzieren_digitale_Gef_hle__Die_S.xml
83,Der ‚Stachel des Digitalen‘ - ein Anreiz zur Selbstreflexion in den Geisteswissenschaften?,KRAEMER_Der_Stachel_des_Digitalen,KRAEMER_Der_Stachel_des_Digitalen.pdf,KRAEMER_Der_Stachel_des_Digitalen.xml
84,Quantitatives „close reading“? Vier mikroanalytische Methoden der digitalen Dramenanalyse im Vergleich.,KRAUTTER_Benjamin_Quantitatives__close_reading___Vier_mikroa,KRAUTTER_Benjamin_Quantitatives__close_reading___Vier_mikroa.pdf,KRAUTTER_Benjamin_Quantitatives__close_reading___Vier_mikroa.xml
85,Die Macht der Daten - vom konsequenten Umgang mit Forschungsdaten,KRONENWETT_Simone_Die_Macht_der_Daten___vom_konsequenten_Umg,KRONENWETT_Simone_Die_Macht_der_Daten___vom_konsequenten_Umg.pdf,KRONENWETT_Simone_Die_Macht_der_Daten___vom_konsequenten_Umg.xml
86,Annotation and beyond – Using ATHEN Annotation and Text Highlighting Environment,KRUG_Markus_Annotation_and_beyond___Using_ATHEN,KRUG_Markus_Annotation_and_beyond___Using_ATHEN.pdf,KRUG_Markus_Annotation_and_beyond___Using_ATHEN.xml
87,Kleriker des Alten Reiches in der Digitalen Welt. Das Forschungsportal Germania Sacra Online,KR_GER_B_rbel_Kleriker_des_Alten_Reiches_in_der_Digitalen_We,KR_GER_B_rbel_Kleriker_des_Alten_Reiches_in_der_Digitalen_We.pdf,KR_GER_B_rbel_Kleriker_des_Alten_Reiches_in_der_Digitalen_We.xml
88,Computationale Beschreibung visuellen Materials am Beispiel des Graphic Narrative Corpus,LAUBROCK_Jochen_Computationale_Beschreibung_visuellen_Materi,LAUBROCK_Jochen_Computationale_Beschreibung_visuellen_Materi.pdf,LAUBROCK_Jochen_Computationale_Beschreibung_visuellen_Materi.xml
89,Kulturelle Evolution. Zur Kritik der literaturhistorischen Methode,LAUER_Gerhard_Kulturelle_Evolution__Zur_Kritik_der_literatur,LAUER_Gerhard_Kulturelle_Evolution__Zur_Kritik_der_literatur.pdf,LAUER_Gerhard_Kulturelle_Evolution__Zur_Kritik_der_literatur.xml
90,Text Mining und Computersimulation zur Analyse autobiographischer Texte: Einflüsse auf das literarische Schaffen Klaus Manns,LEBHERZ_Daniel_Text_Mining_und_Computersimulation_zur_Analys,LEBHERZ_Daniel_Text_Mining_und_Computersimulation_zur_Analys.pdf,LEBHERZ_Daniel_Text_Mining_und_Computersimulation_zur_Analys.xml
91,Lexikographie: Explizite und implizite Verortung in den Digital Humanities,LINDEMANN_David__Lexikographie__Explizite_und_implizite_Vero,LINDEMANN_David__Lexikographie__Explizite_und_implizite_Vero.pdf,LINDEMANN_David__Lexikographie__Explizite_und_implizite_Vero.xml
92,Digitale Wissenschaft – Eine Podcastreihe,LOEBEL_Jens_Martin_Digitale_Wissenschaft___Eine_Podcastreihe,LOEBEL_Jens_Martin_Digitale_Wissenschaft___Eine_Podcastreihe.pdf,LOEBEL_Jens_Martin_Digitale_Wissenschaft___Eine_Podcastreihe.xml
93,Annotationen anhand der Gemeinsamen Normdatei aus einer anwendungsorientierten Perspektive historischer Forschung,LORDICK_Harald_Annotationen_anhand_der_Gemeinsamen_Normdatei,LORDICK_Harald_Annotationen_anhand_der_Gemeinsamen_Normdatei.pdf,LORDICK_Harald_Annotationen_anhand_der_Gemeinsamen_Normdatei.xml
94,Fachspezifische Herausforderungen in der Realisierung des webbasierten digitalen Archivs THESPIS.DIGITAL,L_CKER_HERSCHKOWITZ_Johannes_A__Fachspezifische_Herausforder,L_CKER_HERSCHKOWITZ_Johannes_A__Fachspezifische_Herausforder.pdf,L_CKER_HERSCHKOWITZ_Johannes_A__Fachspezifische_Herausforder.xml
95,Hinterlistig – schelmisch – treulos – Sentiment Analyse in Texten des 19. Jahrhunderts: Eine exemplarische Analyse für Länder und Ethnien,MANDL_Thomas_Hinterlistig___schelmisch___treulos___Sentiment,MANDL_Thomas_Hinterlistig___schelmisch___treulos___Sentiment.pdf,MANDL_Thomas_Hinterlistig___schelmisch___treulos___Sentiment.xml
96,Nutzertests an kritischen Editionen - Print oder digital?,MATHIAK_Brigitte_Nutzertests_an_kritischen_Editionen___Print,MATHIAK_Brigitte_Nutzertests_an_kritischen_Editionen___Print.pdf,MATHIAK_Brigitte_Nutzertests_an_kritischen_Editionen___Print.xml
97,Digital HUMANities - Eine benutzerzentrierte Perspektive,MAYR_Eva_Digital_HUMANities___Eine_benutzerzentrierte_Perspe,MAYR_Eva_Digital_HUMANities___Eine_benutzerzentrierte_Perspe.pdf,MAYR_Eva_Digital_HUMANities___Eine_benutzerzentrierte_Perspe.xml
98,Die Summe geisteswissenschaftlicher Methoden? Fachspezifisches Datenmanagement als Voraussetzung zukunftsorientierten Forschens,MOELLER_Katrin_Die_Summe_geisteswissenschaftlicher_Methoden_,MOELLER_Katrin_Die_Summe_geisteswissenschaftlicher_Methoden_.pdf,MOELLER_Katrin_Die_Summe_geisteswissenschaftlicher_Methoden_.xml
99,Ist kooperativ jetzt umsonst? Die Ausweisung von Datenautorenschaft als neue Form wissenschaftlicher Reputation zur Förderung offener Forschungsdatenkulturen,MOELLER_Katrin_Ist_kooperativ_jetzt_umsonst__Die_Ausweisung_,MOELLER_Katrin_Ist_kooperativ_jetzt_umsonst__Die_Ausweisung_.pdf,MOELLER_Katrin_Ist_kooperativ_jetzt_umsonst__Die_Ausweisung_.xml
100,Syndred - A Syntax-Driven Editor for Lexical Resources,MONDACA_Francisco_Syndred___A_Syntax_Driven_Editor_for_Lexic,MONDACA_Francisco_Syndred___A_Syntax_Driven_Editor_for_Lexic.pdf,MONDACA_Francisco_Syndred___A_Syntax_Driven_Editor_for_Lexic.xml
101,Digitized Inhumanities: Qualitative Inhaltsanalyse von Hexenprozessakten mit MAXQDA,M_LLER_Andreas_Digitized_Inhumanities__Qualitative_Inhaltsan,M_LLER_Andreas_Digitized_Inhumanities__Qualitative_Inhaltsan.pdf,M_LLER_Andreas_Digitized_Inhumanities__Qualitative_Inhaltsan.xml
102,Wikidata: Nutzungsmöglichkeiten und Anwendungsbeispiele für den Bereich Digital Cultural Heritage,M_LLER_BIRN_Claudia_Wikidata__Nutzungsm_glichkeiten_und_Anwe,M_LLER_BIRN_Claudia_Wikidata__Nutzungsm_glichkeiten_und_Anwe.pdf,M_LLER_BIRN_Claudia_Wikidata__Nutzungsm_glichkeiten_und_Anwe.xml
103,"Modellathon „Digitale 3D-Rekonstruktion""",M_NSTER_Sander_Modellathon__Digitale_3D_Rekonstruktion__,M_NSTER_Sander_Modellathon__Digitale_3D_Rekonstruktion__.pdf,M_NSTER_Sander_Modellathon__Digitale_3D_Rekonstruktion__.xml
104,Stadtgeschichtliche Forschung und Vermittlung anhand historischer Fotos als Forschungsgegenstand – Ein Zwischenbericht der Nachwuchsgruppe HistStadt4D,M_NSTER_Sander_Stadtgeschichtliche_Forschung_und_Vermittlung,M_NSTER_Sander_Stadtgeschichtliche_Forschung_und_Vermittlung.pdf,M_NSTER_Sander_Stadtgeschichtliche_Forschung_und_Vermittlung.xml
105,Die Ontologie historischer deutschprachiger Berufs- und Amtsbezeichnungen. Interoperationalität und Berufsklassifizierung durch semantisches Topic Modeling,NASAREK_Robert_Die_Ontologie_historischer_deutschprachiger_B,NASAREK_Robert_Die_Ontologie_historischer_deutschprachiger_B.pdf,NASAREK_Robert_Die_Ontologie_historischer_deutschprachiger_B.xml
106,IncipitSearch - Vernetzung musikwissenschaftlicher Vorhaben,NEOVESKY_Anna_IncipitSearch___Vernetzung_musikwissenschaftli,NEOVESKY_Anna_IncipitSearch___Vernetzung_musikwissenschaftli.pdf,NEOVESKY_Anna_IncipitSearch___Vernetzung_musikwissenschaftli.xml
107,Alles ist im Fluss - Ressourcen und Rezensionen in den Digital Humanities.,NEUBER_Frederike_Alles_ist_im_Fluss___Ressourcen_und_Rezensi,NEUBER_Frederike_Alles_ist_im_Fluss___Ressourcen_und_Rezensi.pdf,NEUBER_Frederike_Alles_ist_im_Fluss___Ressourcen_und_Rezensi.xml
108,VedaWeb – eine webbasierte Plattform für die Erforschung altindischer Texte,NEUEFEIND_Claes__VedaWeb___eine_webbasierte_Plattform_f_r_di,NEUEFEIND_Claes__VedaWeb___eine_webbasierte_Plattform_f_r_di.pdf,NEUEFEIND_Claes__VedaWeb___eine_webbasierte_Plattform_f_r_di.xml
109,Suche und Visualisierung von Annotationen historischer Korpora mit ANNIS. Kritik der korpuslinguistischen Analysemethoden in einem erweiterten Nutzungskontext,ODEBRECHT_Carolin_Suche_und_Visualisierung_von_Annotationen_,ODEBRECHT_Carolin_Suche_und_Visualisierung_von_Annotationen_.pdf,ODEBRECHT_Carolin_Suche_und_Visualisierung_von_Annotationen_.xml
110,Realität programmieren? Zum Einfluss von Algorithmen auf die Wirklichkeit,PFEIFFER_Jasmin_Realit_t_programmieren__Zum_Einfluss_von_Alg,PFEIFFER_Jasmin_Realit_t_programmieren__Zum_Einfluss_von_Alg.pdf,PFEIFFER_Jasmin_Realit_t_programmieren__Zum_Einfluss_von_Alg.xml
111,LDA Topic Modeling über ein graphisches Interface,PIELSTR_M_Steffen_LDA_Topic_Modeling__ber_ein_graphisches_In,PIELSTR_M_Steffen_LDA_Topic_Modeling__ber_ein_graphisches_In.pdf,PIELSTR_M_Steffen_LDA_Topic_Modeling__ber_ein_graphisches_In.xml
112,Embedded Humanities,PIELSTR_M_Steffen__Embedded_Humanities,PIELSTR_M_Steffen__Embedded_Humanities.pdf,PIELSTR_M_Steffen__Embedded_Humanities.xml
113,MEDEA: Datenkonsistenz mittels Ontologie,POLLIN_Christopher__MEDEA__Datenkonsistenz_mittels_Ontologie,POLLIN_Christopher__MEDEA__Datenkonsistenz_mittels_Ontologie.pdf,POLLIN_Christopher__MEDEA__Datenkonsistenz_mittels_Ontologie.xml
114,Delta vs. N-Gram-Tracing: Wie robust ist die Autorschafts-attribuierung?,PROISL_Thomas_Delta_vs__N_Gram_Tracing__Wie_robust_ist_die_A,PROISL_Thomas_Delta_vs__N_Gram_Tracing__Wie_robust_ist_die_A.pdf,PROISL_Thomas_Delta_vs__N_Gram_Tracing__Wie_robust_ist_die_A.xml
115,Entwicklungsstand im Projekt 'Digital Plato',P_CKELMANN_Marcus__Entwicklungsstand_im_Projekt__em_Digital_,P_CKELMANN_Marcus__Entwicklungsstand_im_Projekt__em_Digital_.pdf,P_CKELMANN_Marcus__Entwicklungsstand_im_Projekt__em_Digital_.xml
116,Contextualizing Bandera: Ein Distant Watching Ansatz,RADISCH_Erik_Contextualizing_Bandera__Ein_Distant_Watching_A,RADISCH_Erik_Contextualizing_Bandera__Ein_Distant_Watching_A.pdf,RADISCH_Erik_Contextualizing_Bandera__Ein_Distant_Watching_A.xml
117,Digitale Methoden sind weder digital noch innovativ,RAUNIG_Michael_Digitale_Methoden_sind_weder_digital_noch_inn,RAUNIG_Michael_Digitale_Methoden_sind_weder_digital_noch_inn.pdf,RAUNIG_Michael_Digitale_Methoden_sind_weder_digital_noch_inn.xml
118,Audio Mining für die Geistes- und Kulturwissenschaften: Nutzungsszenarien und Herausforderungen,RAU_Felix_Audio_Mining_f_r_die_Geistes__und_Kulturwissenscha,RAU_Felix_Audio_Mining_f_r_die_Geistes__und_Kulturwissenscha.pdf,RAU_Felix_Audio_Mining_f_r_die_Geistes__und_Kulturwissenscha.xml
119,The 'Tiroler Soldaten-Zeitung' and its Authors. A Computer-Aided Search for Robert Musil,REBORA_Simone_The__em_Tiroler_Soldaten_Zeitung__em__and_its_,REBORA_Simone_The__em_Tiroler_Soldaten_Zeitung__em__and_its_.pdf,REBORA_Simone_The__em_Tiroler_Soldaten_Zeitung__em__and_its_.xml
120,Maschinelles Lernen lernen: Ein CRETA-Hackatorial zur reflektierten automatischen Textanalyse,REITER_Nils_Maschinelles_Lernen_lernen__Ein_CRETA_Hackatoria,REITER_Nils_Maschinelles_Lernen_lernen__Ein_CRETA_Hackatoria.pdf,REITER_Nils_Maschinelles_Lernen_lernen__Ein_CRETA_Hackatoria.xml
121,SANTA: Systematische Analyse Narrativer Texte durch Annotation,REITER_Nils_SANTA__Systematische_Analyse_Narrativer_Texte_du,REITER_Nils_SANTA__Systematische_Analyse_Narrativer_Texte_du.pdf,REITER_Nils_SANTA__Systematische_Analyse_Narrativer_Texte_du.xml
122,"Historische Zeitungen kollaborativ erschließen: Die älteste, noch erscheinende Tageszeitung der Welt “under annotation”",RESCH_Claudia_Historische_Zeitungen_kollaborativ_erschlie_en,RESCH_Claudia_Historische_Zeitungen_kollaborativ_erschlie_en.pdf,RESCH_Claudia_Historische_Zeitungen_kollaborativ_erschlie_en.xml
123,"Horizontales Lesen: Das ""Verdi-Requiem"" und die deutsche Kritik",ROEDER_Torsten_Horizontales_Lesen__Das__Verdi_Requiem__und_d,ROEDER_Torsten_Horizontales_Lesen__Das__Verdi_Requiem__und_d.pdf,ROEDER_Torsten_Horizontales_Lesen__Das__Verdi_Requiem__und_d.xml
124,Strings&Structures,ROLSHOVEN_J_rgen_Strings_Structures,ROLSHOVEN_J_rgen_Strings_Structures.pdf,ROLSHOVEN_J_rgen_Strings_Structures.xml
125,DISCO: Diachronic Spanish Sonnet Corpus,RUIZ_FABO_Pablo_DISCO__Diachronic_Spanish_Sonnet_Corpus,RUIZ_FABO_Pablo_DISCO__Diachronic_Spanish_Sonnet_Corpus.pdf,RUIZ_FABO_Pablo_DISCO__Diachronic_Spanish_Sonnet_Corpus.xml
126,CorpusExplorer v2.0 - Seminartauglich in einem halben Tag,R_DIGER_Jan_Oliver_CorpusExplorer_v2_0___Seminartauglich_in_,R_DIGER_Jan_Oliver_CorpusExplorer_v2_0___Seminartauglich_in_.pdf,R_DIGER_Jan_Oliver_CorpusExplorer_v2_0___Seminartauglich_in_.xml
127,"Im Netz der Möglichkeiten - Wechselwirkungen in der Entwicklung von Theorie, Methode und Tools in den Digital Humanities am Beispiel der TEI",SCHASSAN_Torsten__Im_Netz_der_M_glichkeiten___Wechselwirkung,SCHASSAN_Torsten__Im_Netz_der_M_glichkeiten___Wechselwirkung.pdf,SCHASSAN_Torsten__Im_Netz_der_M_glichkeiten___Wechselwirkung.xml
128,'Exakt Historisch' im Digitalen? Versuch einer Anleihe,SCHILZ_Andrea___em_Exakt_Historisch__em__im_Digitalen__Versu,SCHILZ_Andrea___em_Exakt_Historisch__em__im_Digitalen__Versu.pdf,SCHILZ_Andrea___em_Exakt_Historisch__em__im_Digitalen__Versu.xml
129,Die Max-Bense-Collection. Digitale Re-Publikation von Erstausgaben mit erweiterten Plattformfunktionen,SCHLESINGER_Claus_Michael_Die_Max_Bense_Collection__Digitale,SCHLESINGER_Claus_Michael_Die_Max_Bense_Collection__Digitale.pdf,SCHLESINGER_Claus_Michael_Die_Max_Bense_Collection__Digitale.xml
130,Zwischen Polysemie und Formalisierung: Mehrstufige Modellierung komplexer intertextueller Relationen als Annäherung an ein ‚literarisches‘ Semantic Web,SCHLUPKOTHEN_Frederik_Zwischen_Polysemie_und_Formalisierung_,SCHLUPKOTHEN_Frederik_Zwischen_Polysemie_und_Formalisierung_.pdf,SCHLUPKOTHEN_Frederik_Zwischen_Polysemie_und_Formalisierung_.xml
131,Biographik in den Digital Humanities – Kritische Bestandsaufnahme und quantitative Analysemöglichkeiten am Beispiel des Österreichischen Biographischen Lexikons 1815–1950,SCHL_GL_Matthias_Biographik_in_den_Digital_Humanities___Krit,SCHL_GL_Matthias_Biographik_in_den_Digital_Humanities___Krit.pdf,SCHL_GL_Matthias_Biographik_in_den_Digital_Humanities___Krit.xml
132,"""Kann man denn auch nicht lachend sehr ernsthaft sein?"" – Zum Einsatz von Sentiment Analyse-Verfahren für die quantitative Untersuchung von Lessings Dramen",SCHMIDT_Thomas__Kann_man_denn_auch_nicht_lachend_sehr_ernsth,SCHMIDT_Thomas__Kann_man_denn_auch_nicht_lachend_sehr_ernsth.pdf,SCHMIDT_Thomas__Kann_man_denn_auch_nicht_lachend_sehr_ernsth.xml
133,"Rechtsfragen in DH-Projekten: Alles, was man wissen muss",SCHOLGER_Walter_Rechtsfragen_in_DH_Projekten__Alles__was_man,SCHOLGER_Walter_Rechtsfragen_in_DH_Projekten__Alles__was_man.pdf,SCHOLGER_Walter_Rechtsfragen_in_DH_Projekten__Alles__was_man.xml
134,Digitale Sammlungserschließung mit WissKI und CIDOC CRM,SCHOLZ_Martin_Digitale_Sammlungserschlie_ung_mit_WissKI_und_,SCHOLZ_Martin_Digitale_Sammlungserschlie_ung_mit_WissKI_und_.pdf,SCHOLZ_Martin_Digitale_Sammlungserschlie_ung_mit_WissKI_und_.xml
135,Objekte im Netz – Die Digitalisierung der Sammlungen der Universität Erlangen-Nürnberg als Gegenstand und Methode.,SCHOLZ_Martin_Objekte_im_Netz___Die_Digitalisierung_der_Samm,SCHOLZ_Martin_Objekte_im_Netz___Die_Digitalisierung_der_Samm.pdf,SCHOLZ_Martin_Objekte_im_Netz___Die_Digitalisierung_der_Samm.xml
136,"Research Software Engineering und Digital Humanities. Reflexion, Kartierung, Organisation.",SCHRADE_Torsten_Research_Software_Engineering_und_Digital_Hu,SCHRADE_Torsten_Research_Software_Engineering_und_Digital_Hu.pdf,SCHRADE_Torsten_Research_Software_Engineering_und_Digital_Hu.xml
137,Workshop eComparatio: Textvergleich und digitaler Apparat,SCHUBERT_Charlotte_Workshop_eComparatio__Textvergleich_und_d,SCHUBERT_Charlotte_Workshop_eComparatio__Textvergleich_und_d.pdf,SCHUBERT_Charlotte_Workshop_eComparatio__Textvergleich_und_d.xml
138,Abgrenzung oder Entgrenzung? Zum Spannungsverhältnis zwischen Historischen Hilfswissenschaften und Digital Humanities,SCHULZ_Daniela_Abgrenzung_oder_Entgrenzung__Zum_Spannungsver,SCHULZ_Daniela_Abgrenzung_oder_Entgrenzung__Zum_Spannungsver.pdf,SCHULZ_Daniela_Abgrenzung_oder_Entgrenzung__Zum_Spannungsver.xml
139,TEI-Editionswerkstatt Urkunden@UPB.,SCHWENGELBECK_Isabel_TEI_Editionswerkstatt_Urkunden_UPB__,SCHWENGELBECK_Isabel_TEI_Editionswerkstatt_Urkunden_UPB__.pdf,SCHWENGELBECK_Isabel_TEI_Editionswerkstatt_Urkunden_UPB__.xml
140,Burrows Zeta: Varianten und Evaluation,SCH_CH_Christof_Burrows_Zeta__Varianten_und_Evaluation,SCH_CH_Christof_Burrows_Zeta__Varianten_und_Evaluation.pdf,SCH_CH_Christof_Burrows_Zeta__Varianten_und_Evaluation.xml
141,DH-Toolvergleich im Hinblick auf Texte historischer Sprachstufen,SEIDEL_Henry_DH_Toolvergleich_im_Hinblick_auf_Texte_historis,SEIDEL_Henry_DH_Toolvergleich_im_Hinblick_auf_Texte_historis.pdf,SEIDEL_Henry_DH_Toolvergleich_im_Hinblick_auf_Texte_historis.xml
142,Kollaborativ arbeiten und annotieren – Die Forschungsinfrastruktur des Spezialforschungs-bereichs Deutsch in Österreich,SELTMANN_Melanie__Kollaborativ_arbeiten_und_annotieren___Die,SELTMANN_Melanie__Kollaborativ_arbeiten_und_annotieren___Die.pdf,SELTMANN_Melanie__Kollaborativ_arbeiten_und_annotieren___Die.xml
143,Kritik der digitalen Vernunft,SPERBERG-MCQUEEN_Kritik_der_digitalen_Vernunft,SPERBERG-MCQUEEN_Kritik_der_digitalen_Vernunft.pdf,SPERBERG-MCQUEEN_Kritik_der_digitalen_Vernunft.xml
144,Chancen und Grenzen von Digitalen Methoden zur Analyse der politischen Meinungsbildung in Sozialen Medien,SPORLEDER_Caroline_Chancen_und_Grenzen_von_Digitalen_Methode,SPORLEDER_Caroline_Chancen_und_Grenzen_von_Digitalen_Methode.pdf,SPORLEDER_Caroline_Chancen_und_Grenzen_von_Digitalen_Methode.xml
145,„Storied Collections“? Ein kritischer Blick auf die Arbeit an digitalen (Musik)-Editionen,STADLER_Peter__Storied_Collections___Ein_kritischer_Blick_au,STADLER_Peter__Storied_Collections___Ein_kritischer_Blick_au.pdf,STADLER_Peter__Storied_Collections___Ein_kritischer_Blick_au.xml
146,Virtuelle Ausstellungen und Rundgänge: digitalisiertes Kulturerbe vermitteln und präsentieren,STEINER_Elisabeth_Virtuelle_Ausstellungen_und_Rundg_nge__dig,STEINER_Elisabeth_Virtuelle_Ausstellungen_und_Rundg_nge__dig.pdf,STEINER_Elisabeth_Virtuelle_Ausstellungen_und_Rundg_nge__dig.xml
147,Peer-to-Peer statt Client-Server: Der Mehrwert kollegialer Beratung und agiler DH-Treffen,STEYER_Timo_Peer_to_Peer_statt_Client_Server__Der_Mehrwert_k,STEYER_Timo_Peer_to_Peer_statt_Client_Server__Der_Mehrwert_k.pdf,STEYER_Timo_Peer_to_Peer_statt_Client_Server__Der_Mehrwert_k.xml
148,Zur Zukunft der Digitalen Briefedition – kooperative Lösungen im kulturwissenschaftlichen Forschungsdaten-management,STROBEL_Jochen_Zur_Zukunft_der_Digitalen_Briefedition___koop,STROBEL_Jochen_Zur_Zukunft_der_Digitalen_Briefedition___koop.pdf,STROBEL_Jochen_Zur_Zukunft_der_Digitalen_Briefedition___koop.xml
149,What do you do with 5 million posts? Versuche zum distant reading religiöser Online-Foren,TABTI_Samira_What_do_you_do_with_5_million_posts__Versuche_z,TABTI_Samira_What_do_you_do_with_5_million_posts__Versuche_z.pdf,TABTI_Samira_What_do_you_do_with_5_million_posts__Versuche_z.xml
150,Ambraser Heldenbuch: Transkription und wissenschaftliches Datenset,TRATTER_Aaron_Rudolf_Ambraser_Heldenbuch__Transkription_und_,TRATTER_Aaron_Rudolf_Ambraser_Heldenbuch__Transkription_und_.pdf,TRATTER_Aaron_Rudolf_Ambraser_Heldenbuch__Transkription_und_.xml
151,Dramenquartett – Eine didaktische Intervention,TRILCKE_Peer_Dramenquartett___Eine_didaktische_Intervention,TRILCKE_Peer_Dramenquartett___Eine_didaktische_Intervention.pdf,TRILCKE_Peer_Dramenquartett___Eine_didaktische_Intervention.xml
152,"Gute Forschungsdaten, bessere Forschung: wie Forschung durch Forschungsdaten-management unterstützt wird",TRIPPEL_Thorsten_Gute_Forschungsdaten__bessere_Forschung__wi,TRIPPEL_Thorsten_Gute_Forschungsdaten__bessere_Forschung__wi.pdf,TRIPPEL_Thorsten_Gute_Forschungsdaten__bessere_Forschung__wi.xml
153,Aufdecken von “versteckten” Einflüssen: Teil-Automatisierte Textgenetische Prozesse mit Methoden der Computerlinguistik und des Machine Learning,ULLRICH_Sabine__Aufdecken_von__versteckten__Einfl_ssen__Teil,ULLRICH_Sabine__Aufdecken_von__versteckten__Einfl_ssen__Teil.pdf,ULLRICH_Sabine__Aufdecken_von__versteckten__Einfl_ssen__Teil.xml
154,Eine Fallstudie zur Annotation von Vagheit in Werken Dimitrie Cantemirs,VERTAN_Cristina_Eine_Fallstudie_zur_Annotation_von_Vagheit_i,VERTAN_Cristina_Eine_Fallstudie_zur_Annotation_von_Vagheit_i.pdf,VERTAN_Cristina_Eine_Fallstudie_zur_Annotation_von_Vagheit_i.xml
155,Zur Weiterentwicklung des “cognition support”: Sammlungs-visualisierungen als Austragungsort kritisch-kulturwissenschaftlicher Forschung,WINDHAGER_Florian_Zur_Weiterentwicklung_des__cognition_suppo,WINDHAGER_Florian_Zur_Weiterentwicklung_des__cognition_suppo.pdf,WINDHAGER_Florian_Zur_Weiterentwicklung_des__cognition_suppo.xml
156,ELEXIS – Eine europäische Forschungsinfrastruktur für lexikographische Daten,WISSIK_Tanja_ELEXIS___Eine_europ_ische_Forschungsinfrastrukt,WISSIK_Tanja_ELEXIS___Eine_europ_ische_Forschungsinfrastrukt.pdf,WISSIK_Tanja_ELEXIS___Eine_europ_ische_Forschungsinfrastrukt.xml
157,"MeuchelmörderInnen, KindsmörderInnen, DiebInnen und die dazugehörigen Tatbestände: Erstellung eines Thesaurus für das österreichische Strafrecht des 18. Jahrhunderts zur Erschließung einer Flugblattsammlung",WISSIK_Tanja_Meuchelm_rderInnen__Kindsm_rderInnen__DiebInnen,WISSIK_Tanja_Meuchelm_rderInnen__Kindsm_rderInnen__DiebInnen.pdf,WISSIK_Tanja_Meuchelm_rderInnen__Kindsm_rderInnen__DiebInnen.xml
158,Ambiguität und Annotation: Herausforderungen von Automatisierung und Digitalität,ZIRKER_Angelika_Ambiguit_t_und_Annotation__Herausforderungen,ZIRKER_Angelika_Ambiguit_t_und_Annotation__Herausforderungen.pdf,ZIRKER_Angelika_Ambiguit_t_und_Annotation__Herausforderungen.xml
159,TEASys: Kollaboratives digitales Annotieren als Lehr- und Lernprozess,ZIRKER_Angelika_TEASys__Kollaborative_digitale_Annotationen_,ZIRKER_Angelika_TEASys__Kollaborative_digitale_Annotationen_.pdf,ZIRKER_Angelika_TEASys__Kollaborative_digitale_Annotationen_.xml
